ID,target
0,35.7641
1,33.58533333333333
2,25.178
3,33.5215
4,39.964
5,39.94
6,32.353
7,39.673
8,30.873333333333335
9,36.72433333333333
10,34.07
11,38.169666666666664
12,31.016714285714286
13,39.892
14,38.627
15,33.934666666666665
16,32.554833333333335
17,32.73433333333334
18,31.333
19,42.722
20,47.3
21,34.19866666666666
22,35.249333333333325
23,31.802
24,32.377833333333335
25,31.712333333333333
26,35.477
27,30.984
28,35.22116666666666
29,34.744
30,33.206300000000006
31,31.804
32,34.093
33,30.118
34,30.929
35,32.088
36,35.23233333333334
37,33.19113333333333
38,29.828
39,31.188
40,36.082
41,31.776333333333334
42,39.151
43,35.6385
44,34.911
45,30.944
46,25.676
47,31.942
48,35.651
49,38.105
50,31.031
51,33.5462
52,41.0135
53,37.00973809523809
54,42.435
55,30.9775
56,41.79
57,32.50666666666667
58,30.831
59,32.749766666666666
60,33.5595
61,34.312
62,30.093
63,32.636
64,32.445
65,31.46
66,30.937333333333335
67,36.037
68,33.48966666666667
69,38.787
70,36.259666666666675
71,32.3615
72,34.54333333333334
73,30.846
74,31.088
75,28.974
76,40.273
77,34.165
78,35.371
79,31.717333333333336
80,34.01933333333333
81,31.426
82,33.9475
83,39.761
84,32.7595
85,30.8741
86,33.97966904761905
87,29.57475
88,34.47183333333333
89,28.468
90,31.638
91,35.215
92,36.167
93,27.734
94,29.596
95,33.189
96,29.21816666666667
97,35.592
98,36.068
99,37.852
100,35.154
101,32.297
102,27.507666666666665
103,32.49406666666667
104,38.71
105,34.733
106,35.095
107,32.614666666666665
108,33.8095
109,31.8794
110,34.3175
111,33.552
112,38.206
113,36.2345
114,38.2286
115,32.0433
116,33.30206666666667
117,30.275166666666664
118,31.7192
119,34.24596666666666
120,36.63366666666666
121,39.065
122,36.432
123,33.57
124,35.62533333333333
125,31.342
126,34.233
127,33.758333333333326
128,40.429
129,31.041
130,35.927
131,32.20833333333333
132,31.067
133,35.224
134,33.145
135,29.687333333333335
136,32.123333333333335
137,41.718
138,31.8108
139,33.32366666666666
140,38.516
141,33.331380952380954
142,32.7405
143,34.882
144,30.180666666666667
145,30.017
146,33.58333333333333
147,26.89766666666667
148,40.189
149,32.77
150,31.337666666666667
151,38.00033333333334
152,37.541333333333334
153,31.776333333333334
154,30.660333333333337
155,34.362
156,31.448066666666666
157,35.121
158,33.07
159,29.794
160,35.197833333333335
161,33.88773333333334
162,33.718666666666664
163,40.16583333333333
164,35.7345
165,31.581333333333333
166,30.881666666666668
167,32.5125
168,32.9656
169,34.19233333333333
170,40.931666666666665
171,32.923
172,32.533
173,34.096
174,35.61733333333333
175,35.49883333333333
176,34.97566666666667
177,33.485
178,33.8286
179,25.452
180,33.10033333333333
181,29.733
182,30.0475
183,32.035333333333334
184,39.722
185,34.55583333333333
186,35.008833333333335
187,36.571
188,27.377
189,34.513733333333334
190,34.95533333333333
191,31.757
192,34.204
193,33.396
194,30.645066666666665
195,33.012
196,31.7165
197,30.408333333333335
198,32.1635
199,30.858
200,28.006
201,30.272
202,29.906666666666666
203,34.162166666666664
204,34.68433333333333
205,30.974
206,32.99066666666667
207,37.2834
208,32.2214
209,35.148
210,30.231
211,35.449999999999996
212,33.6195
213,31.814
214,36.51925
215,39.488
216,32.367
217,25.77
218,31.596
219,31.408
220,32.886900000000004
221,30.712
222,30.569
223,31.152
224,34.8435
225,30.496
226,27.751
227,34.971
228,32.2565
229,29.637
230,30.370000000000005
231,42.1304
232,36.787666666666674
233,33.189
234,32.184
235,30.741
236,31.258
237,31.049
238,33.075
239,33.382
240,36.41166666666667
241,29.285
242,35.26166666666667
243,32.66583333333333
244,33.85566666666667
245,31.5785
246,31.959
247,31.6565
248,34.19166666666667
249,34.488
250,29.56
251,34.344
252,31.33
253,29.324
254,36.9795
255,37.374
256,42.444
257,35.241
258,34.4238
259,32.593
260,38.19633333333333
261,31.887666666666664
262,33.3494
263,30.643666666666668
264,33.924933333333335
265,34.59733333333333
266,36.817
267,35.052483333333335
268,31.612
269,32.76966666666667
270,32.193
271,35.64
272,32.6765
273,35.288333333333334
274,29.777
275,32.33883333333333
276,28.873
277,35.4895
278,41.536
279,41.701
280,33.491
281,43.208
282,36.54666666666667
283,30.131
284,31.833
285,28.253
286,34.7004
287,35.57
288,34.305
289,34.112
290,32.942666666666675
291,33.805
292,33.539
293,35.00766666666667
294,32.993166666666674
295,32.34761904761905
296,30.5075
297,30.886
298,35.635
299,37.02923333333333
300,32.723
301,37.3786
302,31.622333333333337
303,32.25
304,32.744
305,34.78233333333333
306,35.227
307,33.312
308,39.349
309,31.5325
310,31.422666666666668
311,34.56333333333333
312,26.597
313,35.70233333333333
314,37.950300000000006
315,33.6238
316,33.671
317,36.981
318,32.2155
319,35.60799999999999
320,28.995
321,34.236666666666665
322,39.9
323,34.0635
324,34.941
325,32.797333333333334
326,29.554
327,29.449
328,33.640833333333326
329,35.18733333333333
330,36.454
331,30.183
332,31.225
333,39.366
334,32.187
335,33.080666666666666
336,34.911
337,37.567
338,33.164166666666674
339,32.12
340,33.7255
341,35.813
342,34.100199999999994
343,31.645
344,33.815
345,27.465
346,32.09
347,31.211
348,37.16
349,32.21686666666667
350,35.289
351,28.277
352,31.666
353,34.907
354,32.04186666666667
355,31.8605
356,32.022
357,32.545
358,29.053
359,32.26166666666667
360,35.573
361,32.117533333333334
362,29.565
363,33.863
364,35.73333333333333
365,31.3755
366,35.769
367,28.046
368,31.563
369,43.41
370,41.203
371,37.646
372,34.94833333333333
373,34.412
374,32.50743333333334
375,29.782
376,36.3415
377,34.83066666666667
378,36.00106666666667
379,36.152
380,39.04533333333334
381,36.2775
382,32.119
383,28.888
384,35.51
385,32.872666666666674
386,34.046
387,29.485
388,30.871
389,34.88566666666667
390,34.999
391,32.788
392,32.37983333333334
393,36.014199999999995
394,39.421
395,33.9574
396,30.135
397,34.59733333333333
398,36.24166666666667
399,28.643
400,29.833
401,38.793
402,39.39333333333333
403,42.661
404,34.81133333333334
405,37.322
406,36.11
407,30.683
408,38.1775
409,35.21783333333334
410,33.936
411,37.259
412,30.666
413,31.273
414,31.559166666666666
415,38.007
416,30.223999999999997
417,29.03183333333333
418,35.923
419,40.2425
420,34.8995
421,34.218199999999996
422,41.8595
423,38.471
424,34.39326666666666
425,40.8296
426,35.814
427,35.51333333333333
428,33.955
429,41.466
430,34.576
431,33.089
432,34.51453333333333
433,37.936
434,33.623
435,36.767
436,36.198
437,37.25
438,32.534
439,33.372
440,31.405
441,39.484
442,40.841
443,37.635
444,35.122
445,33.73516666666667
446,32.3875
447,33.112
448,33.927
449,35.641
450,29.470666666666663
451,32.70426666666667
452,32.214
453,33.365
454,30.664166666666663
455,28.457
456,33.33195238095238
457,33.569
458,31.278952380952383
459,38.015
460,30.932
461,34.24816666666666
462,31.848
463,31.848666666666663
464,36.592
465,30.651666666666664
466,33.368
467,30.6425
468,34.404
469,36.74333333333333
470,36.617
471,32.439
472,35.025
473,38.521
474,28.174
475,33.666666666666664
476,31.353
477,38.613
478,34.287
479,38.408
480,37.34583333333334
481,36.57489999999999
482,30.97
483,31.608
484,37.435
485,37.004
486,26.321
487,33.06966666666666
488,34.66266666666667
489,31.715333333333334
490,30.301
491,33.917
492,40.7772
493,32.696
494,32.863
495,33.0095
496,34.4315
497,35.6144
498,36.646
499,32.65183333333333
500,31.088
501,33.583
502,31.7025
503,29.6905
504,31.964
505,34.958
506,31.907
507,34.0085
508,36.56283333333333
509,29.8995
510,35.05166666666667
511,36.871833333333335
512,30.95
513,28.948
514,25.678
515,29.285
516,37.1235
517,34.283
518,36.161
519,40.168
520,35.474
521,33.2395
522,35.104
523,37.094
524,30.25166666666667
525,34.996333333333325
526,34.361
527,32.078
528,36.48366666666667
529,34.6088
530,41.0886
531,41.9354
532,30.798
533,31.781
534,35.595
535,38.874
536,27.15833333333333
537,30.785
538,30.83
539,32.893833333333326
540,39.992
541,31.776
542,32.00233333333333
543,33.46
544,32.381
545,28.211
546,33.345
547,37.937
548,39.104
549,34.560266666666664
550,38.779
551,34.761
552,34.293
553,35.279
554,31.635
555,35.8
556,31.986
557,33.604
558,30.632
559,33.9725
560,36.399
561,33.61566666666666
562,33.3615
563,33.336
564,39.813
565,36.36766666666667
566,28.261
567,39.3014
568,34.25383333333333
569,34.768
570,39.2565
571,33.5715
572,36.772
573,33.0878
574,29.2
575,37.993
576,33.433
577,35.529
578,31.353
579,38.9445
580,36.177
581,35.84
582,32.422333333333334
583,30.41504761904762
584,34.236
585,42.074
586,31.244
587,33.7
588,35.000666666666675
589,36.97
590,33.474833333333336
591,35.708
592,37.35691666666667
593,33.19383333333333
594,34.342533333333336
595,31.105
596,36.006
597,35.933
598,33.2755
599,30.022
600,34.181733333333334
601,27.464
602,34.121
603,41.16133333333334
604,32.63333333333333
605,32.019400000000005
606,32.633047619047616
607,38.514
608,35.678
609,37.374
610,34.77366666666667
611,31.6545
612,32.298
613,39.658
614,34.912
615,29.785
616,30.372
617,31.81566666666667
618,36.97
619,32.7219
620,33.753
621,37.470916666666675
622,35.699
623,37.2125
624,34.62
625,30.420166666666667
626,33.93233333333333
627,39.0595
628,29.949
629,34.359
630,35.412
631,33.03666666666667
632,31.778333333333332
633,32.333
634,34.192
635,32.516
636,28.483
637,29.1025
638,33.765
639,35.963
640,29.574166666666667
641,29.838
642,32.767
643,30.016
644,32.67733333333334
645,39.773833333333336
646,31.66
647,34.82933333333334
648,33.081
649,34.0814
650,42.105
651,34.1766
652,35.17833333333333
653,35.207
654,38.273
655,35.211
656,35.16233333333333
657,33.686
658,32.78
659,31.85966666666667
660,33.129
661,32.414
662,27.422
663,32.3465
664,40.824
665,29.667666666666666
666,40.355
667,33.482
668,38.3935
669,35.446
670,29.07316666666667
671,36.42573333333334
672,29.491
673,34.5108
674,35.414
675,36.317
676,33.59833333333333
677,29.682
678,30.979333333333333
679,38.712
680,40.9964
681,30.356
682,34.99
683,35.765
684,34.78933333333334
685,32.593333333333334
686,30.607
687,31.373
688,40.961
689,30.833333333333332
690,35.048
691,37.552
692,34.158
693,30.336
694,33.147
695,30.471
696,33.368
697,35.81466666666667
698,31.259
699,36.626
700,30.529
701,42.253
702,34.948
703,32.973
704,30.92
705,28.83891666666667
706,31.8385
707,33.1375
708,30.2415
709,31.146
710,33.376
711,33.1893
712,30.038
713,33.99
714,36.64666666666666
715,35.87483333333333
716,29.523733333333332
717,37.07033333333334
718,32.03
719,35.681
720,34.942
721,34.354
722,31.575166666666668
723,36.761333333333326
724,29.806
725,36.105
726,34.172
727,31.115333333333332
728,31.169
729,36.0138
730,33.17733333333334
731,31.325
732,34.9635
733,32.393
734,35.02524999999999
735,33.6087
736,35.44166666666667
737,28.757
738,32.4244
739,28.924
740,31.08
741,34.9605
742,34.544
743,36.1226
744,30.90233333333333
745,34.111
746,31.034
747,35.839666666666666
748,33.3346
749,29.277
750,34.247
751,33.43666666666667
752,28.042
753,33.325
754,34.205
755,25.734
756,34.4195
757,35.65116666666667
758,30.459
759,30.815
760,32.080799999999996
761,33.7005
762,31.146
763,31.381
764,31.57
765,37.698
766,31.74
767,31.758
768,33.854
769,33.04233333333334
770,39.296
771,32.681
772,42.485
773,32.755
774,30.964333333333336
775,33.39
776,34.592666666666666
777,33.758
778,36.2915
779,35.72766666666667
780,36.54233333333334
781,38.302
782,30.693
783,34.756
784,34.82966666666666
785,33.498
786,41.748
787,32.203
788,35.43633333333333
789,31.14083333333333
790,34.5605
791,39.083
792,34.241
793,31.279666666666667
794,29.67198333333333
795,32.446
796,34.0674
797,40.322
798,32.166
799,35.632
800,34.243
801,33.71874999999999
802,28.15
803,33.59933333333333
804,33.01923333333334
805,33.413
806,28.84
807,33.59433333333333
808,34.24733333333333
809,32.6165
810,34.375
811,31.0556
812,34.70506666666667
813,37.9455
814,32.4275
815,36.462
816,32.9805
817,36.705
818,33.369
819,32.637166666666666
820,34.988
821,30.8945
822,29.412
823,31.7025
824,30.857
825,39.404
826,33.6495
827,28.947
828,32.54813333333333
829,30.506
830,30.706666666666663
831,34.53933333333333
832,36.16073333333334
833,39.542
834,32.379333333333335
835,41.682
836,32.126
837,33.67691666666666
838,32.152
839,34.4929
840,31.075833333333332
841,34.23116666666667
842,37.6435
843,33.91513333333333
844,33.9883
845,37.733650000000004
846,40.577
847,33.529
848,30.961
849,30.499
850,31.066
851,33.343
852,32.486866666666664
853,34.52183333333333
854,36.893
855,34.007
856,37.115
857,34.646
858,36.57633333333333
859,30.897000000000002
860,30.313599999999997
861,30.598
862,30.113
863,31.871
864,33.879
865,32.407333333333334
866,30.34166666666667
867,31.418
868,30.024
869,29.75633333333333
870,30.615
871,32.10873333333333
872,32.690666666666665
873,30.814
874,33.807
875,32.609
876,37.1445
877,36.78
878,36.842
879,36.24
880,31.842166666666664
881,33.302
882,33.376
883,35.92966666666666
884,25.883
885,32.445
886,31.951
887,29.776
888,31.854416666666665
889,33.6075
890,32.577285714285715
891,33.84133333333334
892,32.774
893,35.104
894,33.803
895,33.91
896,34.331
897,28.466
898,32.5995
899,29.38
900,33.125
901,35.51683333333333
902,34.84
903,35.80266666666667
904,36.239333333333335
905,31.493333333333332
906,38.267
907,36.346
908,33.518
909,34.173
910,34.82
911,32.907
912,41.056
913,38.819
914,36.8425
915,36.8265
916,31.919166666666666
917,32.13
918,38.218
919,34.3695
920,30.864833333333337
921,32.353
922,37.9525
923,42.889
924,37.74433333333333
925,38.716
926,35.853833333333334
927,31.002
928,34.657
929,36.261
930,37.093
931,32.387
932,35.40266666666667
933,31.81383333333333
934,37.55233333333333
935,33.62933333333333
936,40.701
937,24.561
938,35.7005
939,30.721666666666668
940,34.185
941,33.26466666666667
942,40.23
943,37.77233333333333
944,35.069
945,35.339
946,32.163
947,35.845
948,34.188
949,36.098
950,36.293
951,32.81216666666667
952,32.531
953,31.096
954,39.571
955,35.333
956,30.09733333333333
957,40.143
958,27.621
959,33.147
960,34.782
961,31.231666666666666
962,29.53833333333333
963,32.973333333333336
964,32.63511904761904
965,38.559
966,35.214
967,43.544
968,32.445
969,31.461
970,32.5955
971,30.215
972,40.643
973,32.378
974,31.216
975,33.646
976,34.34166666666667
977,36.8625
978,34.46033333333334
979,28.624
980,33.914
981,30.938583333333334
982,33.106
983,31.159666666666663
984,38.431
985,32.41166666666667
986,38.118
987,33.196
988,32.79411666666667
989,36.242666666666665
990,30.595
991,34.277
992,41.126
993,31.951
994,35.693
995,34.788
996,35.826
997,33.8325
998,28.7945
999,31.805
1000,34.941
1001,32.383583333333334
1002,34.377
1003,29.847
1004,30.3402
1005,39.915
1006,34.564
1007,38.045
1008,32.386
1009,30.64466666666667
1010,29.819
1011,36.673
1012,32.385
1013,39.88816666666666
1014,31.17233333333333
1015,37.23466666666666
1016,34.96
1017,34.85383333333333
1018,28.78833333333333
1019,38.943
1020,31.1265
1021,31.9574
1022,32.381
1023,29.453
1024,28.4085
1025,34.9194
1026,29.475
1027,35.22266666666666
1028,36.95466666666667
1029,39.585
1030,28.782
1031,36.23383333333333
1032,29.382
1033,34.021
1034,29.922066666666666
1035,36.505
1036,32.265119047619045
1037,36.16733333333334
1038,40.497
1039,32.421
1040,30.084
1041,34.843
1042,31.888
1043,30.076416666666667
1044,29.7735
1045,41.473
1046,27.507
1047,32.09491428571429
1048,34.397
1049,37.14333333333334
1050,34.28866666666667
1051,42.222
1052,33.648
1053,38.99
1054,33.333
1055,32.22233333333333
1056,32.48163333333333
1057,31.325
1058,33.001333333333335
1059,29.866
1060,34.72466666666667
1061,31.582
1062,31.274
1063,33.992333333333335
1064,32.01716666666667
1065,30.934
1066,39.252
1067,33.427
1068,34.7035
1069,34.481
1070,32.0315
1071,31.32
1072,30.661333333333335
1073,32.016
1074,32.687
1075,33.49516666666666
1076,37.5835
1077,31.043
1078,27.941666666666663
1079,27.978
1080,32.684333333333335
1081,36.580400000000004
1082,33.86066666666667
1083,31.1675
1084,34.0625
1085,27.326
1086,36.664
1087,33.162733333333335
1088,33.592
1089,33.750933333333336
1090,30.115
1091,33.56866666666667
1092,32.86
1093,32.003
1094,38.75
1095,30.72233333333333
1096,32.669599999999996
1097,30.47266666666667
1098,33.5385
1099,34.84466666666667
1100,30.608
1101,33.701
1102,30.792
1103,34.58833333333334
1104,26.432
1105,35.092
1106,33.3285
1107,34.658
1108,36.50066666666667
1109,35.20933333333333
1110,36.401
1111,31.439
1112,29.916
1113,34.179
1114,32.5915
1115,30.303
1116,30.2295
1117,36.693
1118,30.927
1119,40.241
1120,35.38583333333333
1121,36.245
1122,32.6555
1123,29.68
1124,29.221
1125,38.266
1126,35.253
1127,29.05
1128,36.182
1129,35.03933333333333
1130,36.165
1131,33.0
1132,35.1625
1133,31.283
1134,44.2
1135,37.105
1136,32.281
1137,32.453
1138,39.507
1139,35.224666666666664
1140,35.11166666666667
1141,33.881
1142,37.888666666666666
1143,33.3898
1144,36.345
1145,35.4615
1146,35.167
1147,35.71775
1148,33.694
1149,31.1
1150,34.294
1151,34.622166666666665
1152,31.990833333333335
1153,37.751
1154,36.635
1155,28.166
1156,30.853
1157,36.93
1158,31.109
1159,36.58933333333333
1160,34.742266666666666
1161,41.56
1162,28.201
1163,34.0316
1164,27.299
1165,39.583
1166,27.922
1167,33.864
1168,35.03666666666666
1169,33.22066666666667
1170,28.183
1171,29.034
1172,32.7135
1173,34.173
1174,38.77
1175,32.7165
1176,35.031
1177,33.918
1178,33.984
1179,30.22
1180,33.585
1181,30.591833333333334
1182,35.34783333333333
1183,33.894733333333335
1184,32.83966666666667
1185,27.27
1186,33.368
1187,31.774
1188,33.03025
1189,33.893
1190,32.3085
1191,35.11
1192,37.853
1193,39.96
1194,30.892
1195,39.0208
1196,33.304
1197,30.344857142857144
1198,40.251599999999996
1199,34.201
1200,34.43
1201,35.302699999999994
1202,31.788666666666664
1203,30.8825
1204,33.31516666666666
1205,33.026
1206,39.992
1207,35.079
1208,34.521499999999996
1209,32.908
1210,34.674
1211,33.9525
1212,33.236
1213,35.94866666666666
1214,36.139
1215,37.961
1216,39.034
1217,30.747833333333332
1218,31.836
1219,35.1775
1220,30.497
1221,31.675
1222,31.945
1223,37.462
1224,34.94193333333333
1225,35.161
1226,38.2905
1227,29.612
1228,35.7715
1229,32.149
1230,33.459
1231,35.907
1232,30.516
1233,30.9235
1234,30.780333333333335
1235,37.311
1236,31.377766666666666
1237,36.84
1238,32.751
1239,27.696
1240,30.112833333333334
1241,38.416
1242,34.84923333333334
1243,30.379
1244,32.403
1245,32.38033333333333
1246,34.329
1247,42.366
1248,32.937
1249,34.772
1250,37.8985
1251,37.0643
1252,38.056599999999996
1253,34.825
1254,32.91333333333333
1255,26.55
1256,33.21693333333334
1257,34.242
1258,35.812
1259,33.191333333333326
1260,29.246
1261,32.872566666666664
1262,35.13433333333333
1263,40.940400000000004
1264,31.277
1265,29.447
1266,35.422
1267,34.9965
1268,32.523
1269,35.267
1270,33.47366666666667
1271,34.208
1272,36.784
1273,31.107666666666667
1274,30.861
1275,30.783
1276,43.02
1277,28.456714285714288
1278,30.569
1279,38.825
1280,32.183
1281,31.261
1282,46.17
1283,39.106
1284,31.887
1285,26.329
1286,35.1966
1287,29.128
1288,36.26933333333333
1289,32.69
1290,33.1985
1291,34.1115
1292,33.745666666666665
1293,34.535
1294,37.78833333333333
1295,36.89683333333333
1296,37.936
1297,34.104
1298,38.61
1299,30.33833333333333
1300,38.6285
1301,32.4535
1302,29.244
1303,32.95366666666667
1304,33.668
1305,35.565
1306,39.416
1307,31.677666666666664
1308,33.5135
1309,34.08033333333333
1310,38.528
1311,33.549
1312,35.79666666666667
1313,33.885
1314,32.28006666666667
1315,31.933
1316,35.60633333333334
1317,31.753666666666668
1318,30.36
1319,34.589
1320,32.163
1321,32.502
1322,37.2725
1323,29.700333333333333
1324,32.27766666666667
1325,39.395300000000006
1326,40.092
1327,31.976666666666663
1328,33.453333333333326
1329,31.57
1330,35.27333333333333
1331,33.42283333333333
1332,41.59
1333,30.7515
1334,35.758
1335,37.815
1336,36.618
1337,31.673666666666666
1338,33.338
1339,35.254
1340,29.050666666666668
1341,36.099666666666664
1342,32.671
1343,38.519
1344,35.92033333333333
1345,32.706
1346,30.433666666666667
1347,28.68
1348,30.183
1349,32.304
1350,32.53366666666667
1351,32.0844
1352,30.11433333333333
1353,28.897
1354,28.231
1355,33.964
1356,35.0984
1357,31.786
1358,39.49483333333333
1359,33.58616666666667
1360,35.07366666666666
1361,36.17
1362,33.806
1363,32.61006666666667
1364,30.13133333333333
1365,33.90923333333334
1366,34.07376666666667
1367,32.469
1368,34.47483333333333
1369,35.32433333333333
1370,32.83166666666667
1371,34.155833333333334
1372,41.207
1373,34.545
1374,33.76016666666666
1375,33.484
1376,32.939833333333326
1377,35.59633333333333
1378,31.166
1379,32.59733333333334
1380,34.4
1381,37.55586666666666
1382,36.8565
1383,33.446
1384,32.648
1385,33.0227
1386,36.763
1387,31.776633333333333
1388,30.702
1389,37.38533333333333
1390,34.4275
1391,33.11566666666666
1392,40.8505
1393,40.87
1394,33.705
1395,35.528
1396,28.144
1397,35.2825
1398,30.655
1399,34.914166666666674
1400,38.267
1401,29.596333333333334
1402,32.34866666666667
1403,33.0055
1404,31.3505
1405,31.37033333333333
1406,31.758
1407,31.561
1408,30.862333333333332
1409,35.24233333333333
1410,34.92733333333333
1411,31.741400000000002
1412,29.633
1413,39.521
1414,32.1468
1415,42.299
1416,33.316
1417,35.328
1418,34.994666666666674
1419,32.038
1420,30.509733333333333
1421,37.12566666666667
1422,31.637999999999998
1423,33.02
1424,34.496
1425,36.803
1426,33.46273333333334
1427,30.068238095238094
1428,32.807
1429,32.734
1430,31.971
1431,31.685
1432,32.672
1433,35.125
1434,30.6625
1435,35.414
1436,33.854
1437,33.528
1438,34.88183333333333
1439,33.48075
1440,35.641
1441,31.846
1442,36.58333333333333
1443,40.748
1444,36.51
1445,31.61
1446,35.1805
1447,32.759166666666665
1448,33.8145
1449,35.525733333333335
1450,29.114
1451,29.633166666666664
1452,32.636
1453,31.746
1454,32.6888
1455,34.0845
1456,30.473566666666667
1457,35.731
1458,41.746
1459,34.845
1460,32.80476666666667
1461,28.565
1462,36.366
1463,35.22153333333333
1464,30.794
1465,32.958400000000005
1466,30.913
1467,37.308
1468,36.4615
1469,32.009
1470,34.93399999999999
1471,32.657833333333336
1472,34.508
1473,32.4245
1474,33.30933333333333
1475,31.972
1476,30.952333333333332
1477,30.985
1478,33.632
1479,35.679
1480,42.491
1481,31.032666666666668
1482,31.061
1483,33.9955
1484,33.591
1485,34.451
1486,33.345
1487,37.5065
1488,33.778200000000005
1489,29.38233333333333
1490,32.536
1491,32.744
1492,40.187
1493,34.9572
1494,33.40416666666667
1495,34.604
1496,39.412
1497,32.04553333333333
1498,37.763
1499,34.0545
1500,33.159
1501,36.52
1502,41.251
1503,40.566333333333326
1504,26.978
1505,41.852
1506,42.365
1507,35.993
1508,27.452
1509,39.109
1510,33.858
1511,32.9375
1512,31.175666666666665
1513,31.046
1514,29.425
1515,33.441833333333335
1516,32.3235
1517,36.25133333333333
1518,26.933
1519,28.082
1520,35.918
1521,39.028
1522,35.331
1523,45.276
1524,30.065333333333335
1525,33.4855
1526,36.135
1527,34.18
1528,35.276
1529,33.338
1530,33.396
1531,36.762
1532,30.125000000000004
1533,32.4865
1534,33.683
1535,29.090666666666667
1536,36.86986666666666
1537,29.604
1538,30.20566666666667
1539,34.46849999999999
1540,28.664
1541,33.008
1542,32.5765
1543,32.90366666666667
1544,32.79388333333333
1545,39.992
1546,31.031333333333333
1547,35.26833333333333
1548,29.6215
1549,32.088
1550,32.962
1551,35.72566666666667
1552,38.858
1553,33.25466666666667
1554,35.405
1555,41.832
1556,32.367
1557,29.999233333333333
1558,31.682333333333332
1559,35.0875
1560,33.836
1561,29.245833333333334
1562,35.165099999999995
1563,33.822
1564,31.10966666666667
1565,32.181
1566,30.665
1567,32.072
1568,33.21466666666667
1569,32.625
1570,33.437
1571,35.862333333333325
1572,30.293
1573,34.3805
1574,33.99466666666667
1575,34.185
1576,28.644
1577,40.792
1578,32.948
1579,32.057
1580,32.704
1581,33.851
1582,30.575
1583,31.813
1584,37.813
1585,33.188
1586,43.362
1587,35.418
1588,33.006
1589,36.69233333333333
1590,32.83
1591,35.273
1592,30.950000000000003
1593,30.36
1594,32.703
1595,33.066452380952384
1596,39.578
1597,34.342
1598,33.42
1599,30.557
1600,33.248
1601,33.223
1602,33.37016666666667
1603,28.024
1604,29.622833333333336
1605,31.005
1606,30.576
1607,30.595166666666668
1608,31.558
1609,34.048
1610,37.9685
1611,35.701
1612,31.8685
1613,33.8435
1614,31.987
1615,31.522
1616,36.09
1617,31.173
1618,29.468
1619,33.607
1620,34.8
1621,36.886
1622,38.7586
1623,38.7316
1624,38.243
1625,38.754
1626,35.374
1627,31.1895
1628,32.60816666666667
1629,32.0735
1630,35.767
1631,29.555
1632,30.39
1633,40.813
1634,34.039
1635,29.9265
1636,33.5665
1637,35.17333333333333
1638,33.5615
1639,35.38
1640,29.819
1641,34.045
1642,34.019666666666666
1643,37.474
1644,36.642199999999995
1645,43.339
1646,29.813
1647,29.119
1648,32.23
1649,30.019
1650,33.713233333333335
1651,37.47766666666667
1652,33.865166666666674
1653,32.367
1654,32.4895
1655,32.741
1656,38.8905
1657,34.39066666666667
1658,34.419
1659,26.141
1660,35.99716666666667
1661,31.522
1662,33.8539
1663,32.188
1664,34.156
1665,32.55133333333333
1666,37.929
1667,42.2285
1668,36.969
1669,29.595
1670,37.156
1671,30.622999999999998
1672,33.57
1673,36.6766
1674,36.70325
1675,34.0
1676,27.7
1677,34.876
1678,30.907
1679,34.5805
1680,36.647
1681,35.012
1682,37.946
1683,37.02266666666667
1684,30.4875
1685,29.479
1686,35.064
1687,28.46
1688,28.728
1689,32.395
1690,32.991666666666674
1691,34.329
1692,30.842
1693,32.434733333333334
1694,33.593
1695,35.50933333333333
1696,34.731
1697,31.574
1698,33.052
1699,36.18116666666666
1700,31.788
1701,28.274
1702,35.166
1703,34.429
1704,34.05933333333333
1705,37.446
1706,31.1415
1707,34.795
1708,32.709
1709,31.655
1710,26.764
1711,29.079
1712,37.125
1713,34.91066666666667
1714,34.908
1715,36.048
1716,31.26986666666667
1717,32.41516666666667
1718,29.189333333333334
1719,38.977
1720,34.0505
1721,29.519
1722,34.3846
1723,34.32128571428571
1724,33.0685
1725,32.498
1726,31.708666666666666
1727,32.467666666666666
1728,31.733
1729,33.1325
1730,34.631
1731,33.971999999999994
1732,33.911
1733,38.693
1734,41.274
1735,32.486
1736,37.0715
1737,31.358
1738,34.699
1739,30.35175
1740,35.906
1741,36.81373333333334
1742,31.593
1743,30.79790476190476
1744,29.47533333333333
1745,27.324
1746,29.981
1747,37.9605
1748,31.305333333333337
1749,31.535333333333334
1750,30.283750000000005
1751,25.90625
1752,30.464
1753,30.092666666666666
1754,29.754
1755,30.180833333333332
1756,35.177
1757,36.395
1758,34.24
1759,35.786
1760,36.698
1761,32.034
1762,31.692
1763,34.972
1764,35.7465
1765,31.50006666666667
1766,38.187
1767,29.855666666666668
1768,34.362
1769,36.69825
1770,31.912
1771,33.387666666666675
1772,31.063
1773,31.041666666666664
1774,31.9915
1775,33.616833333333325
1776,38.622
1777,29.132
1778,41.065
1779,30.935
1780,30.62
1781,34.1275
1782,33.9285
1783,33.918916666666675
1784,35.0745
1785,33.837
1786,29.058
1787,38.428
1788,35.75383333333333
1789,34.169
1790,32.0095
1791,34.185
1792,36.58266666666667
1793,32.517
1794,36.1865
1795,32.332
1796,33.40866666666666
1797,29.692
1798,30.584
1799,32.6575
1800,34.319
1801,30.288
1802,29.975166666666667
1803,31.13233333333333
1804,32.762
1805,31.5015
1806,33.16
1807,36.81
1808,36.355
1809,30.218
1810,34.01233333333333
1811,34.96033333333333
1812,31.761666666666663
1813,28.424
1814,34.25833333333333
1815,32.84
1816,34.709
1817,30.695
1818,31.731
1819,28.413
1820,32.764
1821,35.397
1822,33.501
1823,41.231
1824,28.032666666666664
1825,31.806
1826,33.273
1827,33.34333333333333
1828,32.461
1829,33.5185
1830,33.499333333333325
1831,35.693
1832,34.0
1833,28.614
1834,31.404821428571427
1835,34.903666666666666
1836,34.804
1837,32.1495
1838,39.628
1839,35.32266666666667
1840,34.302733333333336
1841,38.046
1842,35.89393333333334
1843,32.2935
1844,32.79
1845,30.141
1846,28.19
1847,33.625
1848,34.359
1849,35.974266666666665
1850,30.489166666666666
1851,32.693
1852,29.99
1853,33.396
1854,35.14855
1855,31.375
1856,28.202
1857,32.710166666666666
1858,31.575666666666667
1859,32.06
1860,31.441000000000003
1861,30.3205
1862,31.5415
1863,31.199
1864,40.368
1865,31.146533333333338
1866,30.86733333333333
1867,31.9665
1868,35.075
1869,32.3765
1870,31.796
1871,38.541
1872,33.614666666666665
1873,35.12
1874,35.536
1875,32.752
1876,31.614
1877,29.713
1878,36.334
1879,39.799833333333325
1880,31.3045
1881,31.317666666666668
1882,31.585238095238093
1883,38.914
1884,35.641
1885,34.038666666666664
1886,33.171
1887,33.334
1888,31.731
1889,30.083
1890,30.89333333333333
1891,34.363
1892,31.89966666666667
1893,34.4455
1894,38.739
1895,33.163
1896,34.62416666666667
1897,36.345
1898,31.45
1899,40.891
1900,32.906
1901,31.852
1902,31.452
1903,33.33766666666667
1904,36.472
1905,41.694
1906,32.28633333333333
1907,33.636799999999994
1908,35.9755
1909,30.540666666666663
1910,31.02916666666667
1911,30.991833333333336
1912,36.445
1913,32.723
1914,35.266
1915,31.411
1916,34.151266666666665
1917,34.808666666666674
1918,34.7112
1919,32.153
1920,30.0315
1921,34.845
1922,34.373
1923,33.936800000000005
1924,27.678
1925,33.3626
1926,34.9834
1927,36.1145
1928,32.185
1929,32.50866666666667
1930,43.576
1931,27.363
1932,35.78033333333333
1933,34.012
1934,35.553
1935,30.338
1936,32.63
1937,31.585
1938,29.5825
1939,29.488
1940,37.828
1941,33.872
1942,28.478
1943,43.305
1944,33.92383333333333
1945,29.725833333333334
1946,31.955066666666667
1947,31.58386666666667
1948,31.8245
1949,34.589
1950,36.852
1951,34.662
1952,31.589266666666667
1953,35.717
1954,32.799666666666674
1955,30.66166666666667
1956,37.533
1957,34.42556666666667
1958,32.843
1959,36.689
1960,34.03966666666666
1961,38.60883333333333
1962,28.629
1963,35.55691666666667
1964,33.7726
1965,34.23666666666667
1966,36.9945
1967,33.19466666666666
1968,34.09333333333333
1969,33.1185
1970,35.72133333333333
1971,33.534
1972,37.727
1973,38.368
1974,27.843
1975,35.4826
1976,31.709
1977,36.32
1978,28.987
1979,34.53366666666666
1980,31.679333333333336
1981,31.938
1982,31.012666666666664
1983,37.573
1984,35.970171428571426
1985,33.833
1986,27.3885
1987,34.485666666666674
1988,30.464
1989,33.22566666666667
1990,28.693
1991,34.01766666666667
1992,29.90006666666667
1993,36.551199999999994
1994,34.81133333333333
1995,32.1295
1996,30.686702380952376
1997,30.758
1998,34.548
1999,27.5
