predicted,actual
50.0,50
44.0,44
42.0,42
59.0,59
47.0,47
50.0,50
53.0,53
10.0,10
61.0,61
0.0,0
0.0,0
13.0,13
15.0,15
0.0,0
2.0,2
33.0,33
67.0,67
57.0,57
0.0,0
0.0,0
0.0,0
21.0,21
48.0,48
0.0,0
50.0,50
26.0,26
0.0,0
0.0,0
0.0,0
79.0,79
25.0,25
0.0,0
74.0,74
66.0,66
29.0,29
76.0,76
75.0,75
33.0,33
65.0,65
56.0,56
0.0,0
0.0,0
31.0,31
27.0,27
0.0,0
0.0,0
0.0,0
52.0,52
0.0,0
52.0,52
0.0,0
0.0,0
40.0,40
64.0,64
0.0,0
56.0,56
57.0,57
11.0,11
0.0,0
0.0,0
0.0,0
74.0,74
30.0,30
2.0,2
74.0,74
69.0,69
61.0,61
76.0,76
39.0,39
17.0,17
77.0,77
33.0,33
0.0,0
41.0,41
69.0,69
25.0,25
62.0,62
0.0,0
42.0,42
42.0,42
51.0,51
58.0,58
27.0,27
62.0,62
33.0,33
0.0,0
4.0,4
0.0,0
33.0,33
54.0,54
47.0,47
51.0,51
29.0,29
0.0,0
44.0,44
50.0,50
18.0,18
54.0,54
46.0,46
55.0,55
45.0,45
72.0,72
0.0,0
53.0,53
63.0,63
55.0,55
63.0,63
52.0,52
5.0,5
0.0,0
67.0,67
69.0,69
75.0,75
65.0,65
24.0,24
52.0,52
72.0,72
0.0,0
1.0,1
0.0,0
81.0,81
0.0,0
59.0,59
63.0,63
73.0,73
43.0,43
0.0,0
51.0,51
0.0,0
56.0,56
71.0,71
62.0,62
75.0,75
0.0,0
40.0,40
46.0,46
66.0,66
13.0,13
39.0,39
64.0,64
64.0,64
71.0,71
0.0,0
5.0,5
38.0,38
35.0,35
35.0,35
68.0,68
42.0,42
45.0,45
48.0,48
67.0,67
21.0,21
58.0,58
83.0,83
0.0,0
1.0,1
60.0,60
0.0,0
51.0,51
59.0,59
2.0,2
75.0,75
0.0,0
53.0,53
27.0,27
69.0,69
0.0,0
3.0,3
0.0,0
75.0,75
0.0,0
59.0,59
8.0,8
0.0,0
0.0,0
63.0,63
0.0,0
59.0,59
0.0,0
0.0,0
0.0,0
30.0,30
9.0,9
30.0,30
5.0,5
0.0,0
61.0,61
80.0,80
59.0,59
67.0,67
66.0,66
73.0,73
57.0,57
29.0,29
0.0,0
54.0,54
0.0,0
12.0,12
0.0,0
61.0,61
67.0,67
66.0,66
57.0,57
0.0,0
14.0,14
42.0,42
54.0,54
63.0,63
0.0,0
75.0,75
0.0,0
73.0,73
64.0,64
55.0,55
69.0,69
0.0,0
55.0,55
59.0,59
1.0,1
67.0,67
0.0,0
40.0,40
0.0,0
61.0,61
0.0,0
74.0,74
37.0,37
68.0,68
0.0,0
72.0,72
0.0,0
48.0,48
0.0,0
3.0,3
51.0,51
0.0,0
54.0,54
0.0,0
0.0,0
0.0,0
0.0,0
27.0,27
0.0,0
54.0,54
40.0,40
41.0,41
0.0,0
56.0,56
0.0,0
46.0,46
2.0,2
0.0,0
51.0,51
0.0,0
37.0,37
0.0,0
54.0,54
6.0,6
0.0,0
1.0,1
33.0,33
50.0,50
7.0,7
35.0,35
50.0,50
31.0,31
43.0,43
71.0,71
25.0,25
0.0,0
63.0,63
51.0,51
0.0,0
0.0,0
72.0,72
0.0,0
62.0,62
82.0,82
77.0,77
0.0,0
0.0,0
62.0,62
0.0,0
69.0,69
5.0,5
7.0,7
14.0,14
74.0,74
73.0,73
69.0,69
53.0,53
0.0,0
51.0,51
75.0,75
0.0,0
33.0,33
31.0,31
0.0,0
40.0,40
44.0,44
44.0,44
0.0,0
33.5,9
19.0,19
10.0,10
76.0,76
61.0,61
0.0,0
0.0,0
18.0,18
21.0,21
0.0,0
25.0,25
0.0,0
44.0,44
38.0,38
0.0,0
68.0,68
62.0,62
0.0,0
31.0,31
0.0,0
50.0,50
3.0,3
0.0,0
0.0,0
0.0,0
0.0,0
53.0,53
74.0,74
0.0,0
37.0,37
41.0,41
53.0,53
45.0,45
67.0,67
79.0,79
52.0,52
0.0,0
88.0,88
0.0,0
0.0,0
81.0,81
53.0,53
5.0,5
42.0,42
0.0,0
0.0,0
0.0,0
0.0,0
0.0,0
0.0,0
35.0,70
0.0,0
76.0,76
39.0,39
0.0,0
59.0,59
0.0,0
44.0,44
39.0,39
0.0,0
0.0,0
5.0,5
68.0,68
56.0,56
1.0,1
18.0,18
37.0,37
57.0,57
8.0,8
15.0,15
0.0,0
19.0,19
37.0,37
64.0,64
25.0,25
40.0,40
0.0,0
55.0,55
44.0,44
64.0,64
76.0,76
1.0,1
39.0,39
0.0,0
2.0,2
0.0,0
0.0,0
52.0,52
38.0,38
59.0,59
26.0,26
35.0,35
1.0,1
53.0,53
64.0,64
16.0,16
55.0,55
58.0,58
60.0,60
26.0,26
32.0,32
67.0,67
9.0,9
44.0,44
60.0,60
28.0,28
49.0,49
0.0,0
60.0,60
2.0,2
37.0,37
69.0,69
19.0,19
24.0,24
29.0,29
42.0,42
0.0,0
32.0,32
0.0,0
0.0,0
3.0,3
2.0,2
0.0,0
0.0,0
0.0,0
11.0,11
26.0,26
60.0,60
39.0,39
70.0,70
30.0,30
53.0,53
0.0,0
58.0,58
0.0,0
0.0,0
0.0,0
23.0,23
38.0,38
0.0,0
63.0,63
63.0,63
0.0,0
48.0,48
0.0,0
59.0,59
0.0,0
0.0,0
51.0,51
0.0,0
68.0,68
56.0,56
69.0,69
44.0,44
66.0,66
57.0,57
42.0,42
41.0,41
10.0,10
0.0,0
70.0,70
43.0,43
13.0,13
63.0,63
55.0,55
24.0,24
55.0,55
74.0,74
0.0,0
0.0,0
56.0,56
14.0,14
37.0,37
0.0,0
0.0,0
47.0,47
39.0,39
71.0,71
40.0,40
15.0,15
38.0,38
54.0,54
42.0,42
38.0,38
60.0,60
0.0,0
0.0,0
15.0,15
0.0,0
59.0,59
44.0,44
0.0,0
33.0,33
0.0,0
38.0,38
46.0,46
0.0,0
17.0,17
65.0,65
70.0,70
58.0,58
0.0,0
51.0,51
3.0,3
37.0,37
76.0,76
12.0,12
46.0,46
0.0,0
64.0,64
51.0,51
12.0,12
80.0,80
0.0,0
72.0,72
51.0,51
66.0,66
0.0,0
51.0,51
37.0,37
56.0,56
52.0,52
75.0,75
0.0,0
65.0,65
0.0,0
31.0,31
38.0,38
35.0,35
65.0,65
49.0,49
63.0,63
0.0,0
35.0,35
0.0,0
58.0,58
53.0,53
0.0,0
0.0,0
50.0,50
74.0,74
0.0,0
35.0,35
69.0,69
71.0,71
54.0,54
31.0,31
77.0,77
0.0,0
32.0,32
51.0,51
33.0,33
38.0,38
52.0,52
0.0,0
59.0,59
33.0,33
57.0,57
71.0,71
67.0,67
70.0,70
37.0,37
49.0,49
8.0,8
33.0,33
64.0,64
60.0,60
13.0,13
6.0,6
20.0,20
75.0,75
1.0,1
61.0,61
4.0,4
0.0,0
36.0,36
31.0,31
46.0,46
64.0,64
48.0,48
69.0,69
14.0,14
54.0,54
59.0,59
74.0,74
54.0,54
44.0,44
43.0,43
0.0,0
0.0,0
1.0,1
71.0,71
0.0,0
45.0,45
38.0,38
33.0,33
34.0,34
34.0,34
0.0,0
46.0,46
9.0,9
0.0,0
34.0,34
47.0,47
62.0,62
3.0,3
46.0,46
73.0,73
0.0,0
0.0,0
70.0,70
34.0,34
71.0,71
34.0,34
67.0,67
45.0,45
30.0,30
0.0,0
0.0,0
72.0,72
48.0,48
57.0,57
0.0,0
0.0,0
59.0,59
69.0,69
68.0,68
23.0,23
45.0,45
31.0,31
44.0,44
43.0,43
52.0,52
2.0,2
0.0,0
22.0,22
0.0,0
0.0,0
15.0,15
0.0,0
11.0,11
0.0,0
0.0,0
4.0,4
61.0,61
12.0,12
37.0,37
55.0,55
56.0,56
49.0,49
74.0,74
61.0,61
45.0,45
0.0,0
0.0,0
0.0,0
52.0,52
0.0,0
52.0,52
40.0,40
48.0,48
0.0,0
4.0,4
51.0,51
0.0,0
61.0,61
56.0,56
47.0,47
0.0,0
68.0,68
46.0,46
73.0,73
54.0,54
55.0,55
49.0,49
0.0,0
57.0,57
55.0,55
0.0,0
62.0,62
35.0,35
14.0,14
0.0,0
62.0,62
56.0,56
2.0,2
0.0,0
41.0,41
81.0,81
44.0,44
41.0,41
38.0,38
34.0,34
62.0,62
81.0,81
7.0,7
63.0,63
63.0,63
0.0,0
45.0,45
0.0,0
0.0,0
58.0,58
0.0,0
0.0,0
0.0,0
0.0,0
0.0,0
42.0,42
41.0,41
0.0,0
71.0,71
69.5,75
41.0,41
23.0,23
0.0,0
0.0,0
62.0,62
45.0,45
0.0,0
78.0,78
65.0,65
42.0,42
79.0,79
0.0,0
28.0,28
26.0,26
34.0,34
77.0,77
42.0,42
49.0,49
36.0,36
0.0,0
86.0,86
0.0,0
75.0,75
0.0,0
57.0,57
39.0,39
51.0,51
0.0,0
0.0,0
15.0,15
4.0,0
44.0,44
30.0,30
10.0,10
40.0,40
0.0,0
57.0,57
49.0,49
3.0,3
44.0,44
53.0,53
38.0,38
40.0,40
41.0,41
0.0,0
56.0,56
47.0,47
33.0,33
0.0,0
15.0,15
2.0,2
18.0,18
62.0,62
0.0,0
27.0,27
37.0,37
27.0,27
0.0,0
43.0,43
66.0,66
35.0,35
0.0,0
37.0,37
0.0,0
74.0,74
37.0,37
51.0,51
0.0,0
0.0,0
0.0,0
78.0,78
4.0,4
71.0,71
50.0,50
73.0,73
6.0,6
32.0,32
86.0,86
67.0,67
0.0,0
0.0,0
24.0,24
46.0,46
59.0,59
15.0,15
60.0,60
52.0,52
0.0,0
0.0,0
42.0,42
76.0,76
37.0,37
48.0,48
76.0,76
41.0,41
0.0,0
60.0,60
61.0,61
0.0,0
51.0,51
56.0,56
3.0,3
31.0,31
55.0,55
0.0,0
0.0,0
0.0,0
0.0,0
60.0,60
54.0,54
0.0,0
47.0,47
9.0,9
25.0,25
40.0,40
0.0,0
0.0,0
2.0,2
62.0,62
62.0,62
0.0,0
76.0,76
0.0,0
24.0,24
0.0,0
63.0,63
38.0,38
69.0,69
0.0,0
47.0,47
50.0,50
0.0,0
38.0,38
38.0,38
22.0,22
50.0,50
26.0,26
0.0,0
0.0,0
69.0,69
67.0,67
52.0,52
81.0,81
41.0,41
0.0,0
44.0,44
60.0,60
0.0,0
37.0,37
35.0,35
28.0,28
74.0,74
69.0,69
0.0,0
0.0,0
69.0,69
51.0,51
27.0,27
61.0,61
78.0,78
0.0,0
61.0,61
0.0,0
56.0,56
12.0,12
0.0,0
73.0,73
77.0,77
57.0,57
0.0,0
75.0,75
16.0,16
0.0,0
0.0,0
54.0,54
76.0,76
0.0,0
0.0,0
31.0,31
0.0,0
0.0,0
64.0,64
61.0,61
52.0,52
0.0,0
69.0,69
54.0,54
53.0,53
0.0,0
2.0,2
0.0,0
43.0,43
0.0,0
0.0,0
0.0,0
64.0,64
73.0,73
48.0,48
26.0,26
55.0,55
31.0,31
0.0,0
15.0,15
0.0,0
0.0,0
46.0,46
0.0,0
58.0,58
27.0,27
34.0,34
51.0,51
66.0,66
0.0,0
0.0,0
48.0,48
33.0,33
45.0,45
8.0,8
39.0,39
49.0,49
0.0,0
49.0,49
50.0,50
0.0,0
9.0,9
68.0,68
14.0,14
46.0,46
1.0,1
75.0,75
0.0,0
0.0,0
18.0,18
4.0,4
9.0,9
0.0,0
63.0,63
90.0,90
69.0,69
18.0,18
7.0,7
56.0,56
29.0,29
49.0,49
0.0,0
40.0,40
17.0,17
52.0,52
74.0,74
0.0,0
0.0,0
44.0,10
0.0,0
68.0,68
0.0,0
36.0,36
52.0,52
16.0,16
0.0,0
51.0,51
54.0,54
63.0,63
0.0,0
70.0,70
71.0,71
52.0,52
0.0,0
44.0,44
31.0,31
4.0,4
7.0,7
1.0,1
53.0,53
56.0,56
28.0,28
52.0,52
66.0,66
52.0,52
0.0,0
0.0,0
64.0,64
0.0,0
45.0,45
36.0,36
29.0,29
28.0,28
45.0,45
58.0,58
31.0,31
60.0,60
66.0,66
0.0,0
0.0,0
46.0,46
0.0,0
0.0,0
43.0,43
53.0,53
39.0,39
61.0,61
58.0,58
30.0,30
0.0,0
35.0,35
48.0,48
74.0,74
69.0,69
0.0,0
1.0,1
56.0,56
84.0,84
48.0,48
47.0,47
69.0,69
59.0,59
0.0,0
50.0,50
0.0,0
57.0,57
23.0,23
48.0,48
45.0,45
69.0,69
44.0,44
70.0,70
43.0,43
0.0,0
46.0,46
61.0,61
49.0,49
45.0,45
0.0,0
57.0,57
12.0,12
53.0,53
59.0,59
39.0,39
0.0,0
9.0,9
57.0,57
74.0,74
50.0,50
0.0,0
0.0,0
0.0,0
71.0,71
54.0,54
71.0,71
64.0,64
0.0,0
51.0,51
0.0,0
64.0,64
31.0,31
23.0,23
8.0,8
0.0,0
61.0,61
3.0,3
63.0,63
0.0,0
0.0,0
38.0,38
77.0,77
0.0,0
71.0,71
14.0,14
25.0,25
20.0,20
72.0,72
0.0,0
77.0,77
3.0,3
0.0,0
81.0,81
61.0,61
67.0,67
54.0,54
71.0,71
0.0,0
33.0,33
3.0,3
75.0,75
52.0,52
0.0,0
0.0,0
14.0,14
0.0,0
59.0,59
54.0,54
72.0,72
65.0,65
0.0,0
0.0,0
55.0,55
70.0,70
23.0,23
2.0,2
0.0,0
0.0,0
69.0,69
21.0,21
0.0,0
0.0,0
70.0,70
35.0,35
68.0,68
44.0,44
69.0,69
49.0,49
41.0,41
0.0,0
74.0,74
50.0,50
69.0,69
0.0,0
55.0,55
32.0,32
0.0,0
69.0,69
0.0,0
69.0,69
2.0,2
70.0,70
49.0,49
11.0,11
0.0,0
67.0,67
21.0,21
57.0,57
26.0,26
59.0,59
22.0,22
0.0,0
0.0,0
76.0,76
0.0,0
0.0,0
61.0,61
0.0,0
0.0,0
0.0,0
0.0,0
81.0,79
0.0,0
0.0,0
4.0,4
71.0,71
44.0,44
48.0,48
48.0,48
40.0,40
51.0,51
0.0,0
0.0,0
64.0,64
34.0,34
45.0,45
74.0,74
41.0,41
33.0,33
68.0,68
0.0,0
68.0,68
0.0,0
63.0,63
53.0,53
34.0,34
24.0,24
0.0,0
7.0,7
44.0,44
34.0,34
65.0,65
50.0,50
60.0,60
74.0,74
69.0,69
23.0,23
73.0,73
50.0,50
1.0,1
54.0,54
35.0,35
54.0,54
47.0,47
0.0,0
72.0,72
0.0,0
0.0,0
50.0,50
53.0,53
0.0,0
4.0,4
66.0,66
84.0,84
0.0,0
0.0,0
32.0,32
13.0,13
58.0,58
30.0,30
68.0,68
64.0,64
60.0,60
0.0,0
47.0,47
5.0,5
0.0,0
0.0,0
0.0,0
0.0,0
65.0,65
23.0,23
35.0,35
3.0,3
67.0,67
0.0,0
54.0,54
26.0,26
0.0,0
78.0,78
0.0,0
77.0,77
17.0,17
49.0,49
0.0,0
0.0,0
62.0,62
51.0,51
76.0,76
30.0,30
53.0,53
54.0,54
0.0,0
52.0,52
46.0,46
0.0,0
0.0,0
67.0,67
15.0,15
50.0,50
57.0,57
20.0,20
65.0,65
60.0,60
20.0,20
0.0,0
61.0,61
0.0,0
0.0,0
0.0,0
0.0,0
76.0,76
19.0,19
66.0,66
49.0,49
2.0,2
0.0,0
0.0,0
37.0,37
0.0,0
53.0,53
48.0,48
40.0,40
0.0,0
48.0,48
0.0,0
47.0,47
3.0,3
1.0,1
39.0,39
67.0,67
51.0,51
1.0,1
0.0,0
0.0,0
54.0,54
0.0,0
67.0,67
35.0,35
36.0,36
17.0,17
0.0,0
0.0,0
43.0,43
35.0,35
53.0,53
0.0,0
83.0,83
36.0,36
77.0,77
0.0,0
67.0,67
46.0,46
41.0,41
0.0,0
63.0,63
45.0,45
53.0,53
6.0,6
6.0,6
0.0,0
0.0,0
26.0,26
5.0,5
4.0,4
1.0,1
58.0,58
0.0,0
77.0,77
75.0,75
68.0,68
59.0,59
66.0,66
41.0,41
0.0,0
2.0,2
58.0,58
61.0,61
55.0,55
2.0,2
6.0,6
0.0,0
38.0,38
50.0,50
4.0,4
52.0,52
12.0,12
8.0,8
0.0,0
48.0,48
58.0,58
19.0,19
0.0,0
58.0,58
50.0,50
0.0,0
66.0,66
42.0,42
83.0,83
87.0,87
57.0,57
0.0,0
67.0,67
0.0,0
85.0,85
0.0,0
11.0,11
0.0,0
49.0,49
45.0,45
32.0,32
84.0,84
50.0,50
69.0,69
0.0,0
26.0,26
61.0,61
0.0,0
3.0,3
28.0,28
0.0,0
70.0,70
0.0,0
54.0,54
71.0,71
63.0,63
0.0,0
20.0,20
39.0,39
47.0,47
0.0,0
63.0,63
45.0,45
9.0,9
0.0,0
29.0,29
0.0,0
0.0,0
66.0,66
56.0,56
53.0,53
52.0,52
42.0,42
63.0,63
47.0,47
0.0,0
4.0,4
46.0,46
8.0,8
11.0,11
0.0,0
0.0,0
36.0,36
0.0,0
38.0,38
0.0,0
0.0,0
19.0,19
34.0,34
4.0,4
51.0,51
55.0,55
29.0,29
58.0,58
0.0,0
39.0,39
1.0,1
37.0,37
49.0,49
42.0,42
70.0,70
0.0,0
22.0,22
68.0,68
0.0,0
56.0,56
45.0,45
27.0,27
0.0,0
45.0,45
68.0,68
28.0,28
45.0,45
0.0,0
82.0,82
58.0,58
28.0,28
69.0,69
0.0,0
3.0,3
54.0,54
0.0,0
49.0,49
0.0,0
45.0,45
76.0,76
43.0,43
40.0,40
61.0,61
71.0,71
0.0,0
60.0,60
2.0,2
24.0,24
0.0,0
0.0,0
40.0,40
70.0,70
0.0,0
0.0,0
42.0,42
0.0,0
52.0,52
31.0,31
67.0,67
38.0,38
39.0,39
73.0,73
72.0,72
44.0,44
0.0,0
65.0,65
45.0,45
1.0,1
0.0,0
60.0,60
35.0,35
64.0,64
61.0,61
63.0,63
43.0,43
0.0,0
67.0,67
0.0,0
29.0,29
0.0,0
0.0,0
0.0,0
14.0,14
54.0,54
79.0,79
0.0,0
66.0,66
66.0,66
0.0,0
41.0,41
66.0,66
53.0,53
0.0,0
50.0,50
0.0,0
0.0,0
0.0,0
48.0,48
59.0,59
12.0,12
0.0,0
0.0,0
31.0,31
29.0,29
26.0,26
68.0,68
22.0,22
58.0,58
0.0,0
72.0,72
41.0,41
29.0,29
55.0,55
77.0,77
34.0,34
42.0,42
0.0,0
32.0,32
18.0,18
0.0,0
56.0,56
61.0,61
0.0,0
40.0,40
0.0,0
43.0,43
52.0,52
35.0,35
24.0,24
70.0,70
53.0,53
7.0,7
44.0,44
0.0,0
0.0,0
61.0,61
63.0,63
58.0,58
67.5,65
53.0,53
0.0,0
0.0,0
71.0,71
24.0,24
75.0,75
14.0,14
71.0,71
55.0,55
13.0,13
60.0,60
0.0,0
66.0,66
0.0,0
8.0,8
0.0,0
50.0,50
41.0,41
47.0,47
9.0,9
63.0,63
53.0,53
7.0,7
36.0,36
63.0,63
69.0,69
47.0,47
27.0,27
68.0,68
0.0,0
0.0,0
41.0,41
32.0,32
13.0,13
80.0,80
0.0,0
0.0,0
42.0,73
29.0,29
25.0,25
47.0,47
0.0,0
0.0,0
0.0,0
63.0,63
57.0,57
74.0,74
71.0,71
58.0,58
42.0,11
29.0,29
24.0,24
55.0,55
75.0,75
65.0,65
64.0,64
41.0,41
14.0,14
58.0,58
54.0,54
0.0,0
48.0,48
0.0,0
0.0,0
67.0,67
4.0,4
54.0,54
15.0,15
0.0,0
0.0,0
49.0,49
55.0,55
62.0,62
0.0,0
47.0,47
0.0,0
69.0,69
48.0,48
0.0,0
40.0,40
14.0,14
54.0,54
0.0,0
0.0,0
54.0,54
63.0,63
3.0,3
61.0,61
47.0,47
0.0,0
0.0,0
18.0,18
0.0,0
81.0,83
72.0,72
58.0,58
0.0,0
57.0,57
63.0,63
0.0,0
4.0,4
49.0,49
0.0,0
36.0,36
38.0,38
62.0,62
24.0,24
0.0,0
57.0,57
0.0,0
77.0,77
0.0,0
16.0,16
0.0,0
0.0,0
75.0,75
59.0,59
68.0,68
24.0,24
43.0,43
0.0,0
0.0,0
46.0,46
31.0,31
0.0,0
56.0,56
0.0,0
5.0,5
61.0,61
0.0,0
40.0,40
41.0,41
54.0,54
0.0,0
69.0,69
53.0,53
54.0,54
0.0,0
42.0,42
43.0,43
34.0,34
0.0,0
0.0,0
88.0,88
11.0,11
36.0,36
0.0,0
75.0,75
67.0,67
79.0,79
0.0,0
70.0,70
0.0,0
2.0,2
0.0,0
38.0,38
0.0,0
53.0,53
52.0,52
62.0,62
46.0,46
61.0,61
28.0,28
24.0,24
69.0,69
0.0,0
0.0,0
0.0,0
7.0,7
57.0,57
66.0,66
65.0,65
12.0,12
0.0,0
10.0,10
38.0,38
66.0,66
52.0,52
0.0,0
0.0,0
65.0,65
52.0,52
63.0,63
83.0,83
0.0,0
69.0,69
30.0,30
36.0,36
34.0,34
0.0,0
57.0,57
0.0,0
0.0,0
0.0,0
0.0,0
45.0,45
6.0,6
77.0,77
6.0,6
21.0,21
0.0,0
51.0,51
58.0,58
31.0,31
75.0,75
46.0,46
51.0,51
58.0,58
63.0,63
36.0,36
0.0,0
2.0,2
33.0,33
0.0,0
30.0,30
47.0,47
60.0,60
0.0,0
2.0,2
12.0,12
0.0,0
0.0,0
2.0,2
0.0,0
0.0,0
90.0,90
57.0,57
75.0,75
0.0,0
77.0,77
14.0,14
74.0,74
0.0,0
63.0,63
23.0,23
0.0,0
52.0,52
48.0,48
0.0,0
62.0,62
44.0,44
37.0,37
45.0,45
51.0,51
0.0,0
0.0,0
15.0,15
38.0,38
49.0,49
47.0,47
0.0,0
42.0,42
40.0,40
63.0,63
81.0,81
0.0,0
57.0,57
0.0,0
0.0,0
32.0,32
35.0,35
85.0,85
0.0,0
0.0,0
72.0,72
37.0,37
0.0,0
63.0,63
77.0,77
48.0,48
12.0,12
0.0,0
62.0,62
0.0,0
57.0,57
68.0,68
0.0,0
4.0,4
60.0,60
0.0,0
69.0,69
0.0,0
0.0,0
3.0,3
44.0,44
37.0,37
14.0,14
0.0,0
1.0,1
73.0,73
0.0,0
1.0,1
55.0,55
73.0,73
77.0,77
60.0,60
0.0,0
51.0,51
42.0,42
39.0,39
39.0,39
0.0,0
0.0,0
55.0,55
31.0,31
0.0,0
37.0,37
0.0,0
13.0,13
0.0,0
71.0,71
43.0,43
0.0,0
27.0,27
45.0,45
54.0,54
64.0,64
0.0,0
0.0,0
0.0,0
24.0,24
0.0,0
7.0,7
45.0,45
0.0,0
66.0,66
0.0,0
60.0,60
21.0,21
24.0,24
10.0,10
61.0,61
73.0,73
56.0,56
22.0,22
77.0,77
0.0,0
2.0,2
76.0,76
86.0,86
0.0,0
60.0,60
58.0,58
29.0,29
53.0,53
38.0,38
0.0,0
0.0,0
0.0,0
0.0,0
61.0,61
41.0,41
1.0,1
32.0,32
67.0,67
41.0,41
59.0,59
35.0,35
2.0,2
0.0,0
35.0,35
43.0,43
32.0,32
0.0,0
0.0,0
44.0,44
1.0,1
11.0,11
56.0,56
52.0,52
56.0,56
75.0,75
60.0,60
5.0,5
3.0,3
0.0,0
0.0,0
79.0,79
33.0,33
79.0,79
1.0,1
0.0,0
20.0,20
69.0,69
0.0,0
53.0,53
69.0,69
42.0,42
51.0,51
46.0,46
19.0,19
0.0,0
0.0,0
47.0,47
14.0,14
0.0,0
65.0,65
0.0,0
40.0,40
0.0,0
48.0,48
49.0,49
76.0,76
67.0,67
2.0,2
65.0,65
65.0,65
35.0,35
78.0,78
55.0,55
62.0,62
69.0,69
66.0,66
70.0,70
16.0,16
51.0,51
57.0,57
41.0,41
74.0,74
0.0,0
0.0,0
13.0,13
45.0,45
59.5,61
58.0,58
0.0,0
50.0,50
62.0,62
0.0,0
58.0,58
44.0,44
0.0,0
37.0,37
47.0,47
0.0,0
56.0,56
24.0,24
59.0,59
69.0,69
47.0,47
0.0,0
23.0,23
31.0,31
0.0,0
62.0,62
68.0,68
52.0,52
26.0,26
0.0,0
1.0,1
5.0,5
47.0,47
44.0,44
33.0,62
46.0,46
54.0,54
73.0,73
28.0,28
49.0,49
58.0,58
0.0,0
54.0,54
40.0,40
29.0,29
58.0,58
49.0,49
2.0,2
0.0,0
60.0,60
73.0,73
0.0,0
29.0,29
0.0,0
53.0,53
56.0,56
25.0,25
0.0,0
44.0,44
0.0,0
73.0,73
37.0,37
33.0,33
52.0,52
80.0,80
0.0,0
0.0,0
78.0,78
2.0,2
24.0,24
53.0,53
49.0,49
48.0,48
32.0,32
1.0,1
59.0,59
0.0,0
0.0,0
37.0,37
72.0,72
27.0,27
55.0,55
72.0,72
41.0,41
60.0,60
58.0,58
0.0,0
6.0,6
0.0,0
75.0,75
0.0,0
18.0,18
0.0,0
61.0,61
0.0,0
8.0,8
52.0,52
0.0,0
0.0,0
51.0,51
1.0,1
58.0,58
73.0,73
1.0,1
0.0,0
77.0,77
12.0,12
38.0,38
72.0,72
22.0,22
0.0,0
48.0,48
60.0,60
51.0,51
0.0,0
0.0,0
64.0,64
74.0,74
54.0,54
22.0,22
0.0,0
0.0,0
76.0,76
7.0,7
64.0,64
81.0,81
56.0,56
57.0,57
16.0,16
1.0,1
41.0,41
46.0,46
55.0,55
0.0,0
10.0,10
15.0,15
53.0,53
0.0,0
18.0,18
5.0,5
64.0,64
30.0,30
51.0,51
0.0,0
0.0,0
75.0,75
76.0,76
5.0,5
25.0,25
0.0,0
5.0,5
34.0,34
0.0,0
0.0,0
0.0,0
55.0,55
58.0,58
19.0,19
75.0,75
30.0,30
30.0,30
0.0,0
32.0,32
69.0,69
0.0,0
0.0,0
48.0,48
0.0,0
0.0,0
59.0,59
0.0,0
14.0,14
58.0,58
42.0,42
0.0,0
16.0,16
53.0,53
26.0,26
61.0,61
53.0,53
0.0,0
31.0,31
52.0,52
67.0,67
3.0,3
0.0,0
0.0,0
8.0,8
1.0,1
80.0,80
0.0,0
48.0,48
48.0,48
78.0,78
45.0,45
0.0,0
0.0,0
0.0,0
50.0,50
0.0,0
0.0,0
15.0,15
27.0,27
22.0,22
44.0,44
62.0,62
61.0,61
61.0,61
0.0,0
57.0,57
53.0,53
57.0,57
52.0,52
65.0,65
40.0,40
0.0,0
42.0,42
0.0,0
0.0,0
0.0,0
37.0,37
0.0,0
0.0,0
0.0,0
73.0,73
37.0,37
32.0,32
70.0,70
2.0,2
39.0,39
21.0,21
49.0,49
14.0,14
14.0,14
55.0,55
34.0,34
0.0,0
39.0,39
67.0,67
4.0,4
30.0,30
1.0,1
11.0,11
0.0,0
3.0,3
0.0,0
79.0,79
25.0,25
37.0,37
5.0,5
53.0,53
42.0,42
1.0,1
71.0,71
69.0,69
0.0,0
0.0,0
47.0,47
64.0,64
0.0,0
61.0,61
39.0,39
71.0,71
78.0,78
49.0,49
64.0,64
0.0,0
55.0,55
67.0,67
30.0,30
37.0,37
73.0,73
33.0,33
56.0,56
53.0,53
83.0,83
49.0,49
0.0,0
51.0,51
10.0,10
67.0,67
45.0,45
0.0,0
65.0,65
54.0,54
6.0,6
64.0,64
30.0,30
41.0,41
1.0,1
68.0,68
59.0,59
70.0,70
0.0,0
61.0,61
49.0,49
0.0,0
11.0,11
0.0,0
1.0,1
60.0,56
1.0,1
3.0,3
10.0,10
21.0,21
0.0,0
0.0,0
0.0,0
0.0,0
61.0,61
0.0,0
46.0,46
30.0,30
65.0,65
20.0,20
27.0,27
57.0,57
55.0,55
50.0,50
0.0,0
71.0,71
0.0,0
63.0,63
47.0,47
5.0,5
60.0,60
0.0,0
0.0,0
59.0,59
3.0,3
0.0,0
0.0,0
60.0,60
65.0,65
54.0,54
69.0,69
0.0,0
60.0,60
18.0,18
2.0,2
60.0,60
36.0,36
0.0,0
45.0,45
56.0,56
55.0,55
1.0,1
21.0,21
55.0,55
5.0,5
64.0,64
78.0,78
38.0,38
37.0,37
76.0,76
24.0,24
72.0,72
51.0,51
28.0,28
62.0,62
38.0,38
80.0,80
62.0,62
0.0,0
47.0,47
68.0,68
63.0,63
29.0,29
76.0,76
39.0,39
50.0,50
50.0,50
68.0,68
47.0,47
87.0,87
50.0,50
58.0,58
63.0,63
14.0,14
30.0,30
54.0,54
50.0,50
37.0,37
58.0,58
47.0,47
60.0,60
31.0,31
0.0,0
0.0,0
73.0,73
57.0,57
46.0,46
0.0,0
72.0,72
53.0,53
0.0,0
0.0,0
45.0,45
14.0,14
77.0,77
65.0,65
68.0,68
34.0,34
42.0,42
0.0,0
0.0,0
60.0,60
0.0,0
82.0,82
58.0,58
67.5,70
77.0,77
26.0,26
47.0,47
0.0,0
35.0,35
77.0,77
65.0,65
42.0,42
0.0,0
0.0,0
0.0,0
51.0,51
0.0,0
2.0,2
43.0,43
0.0,0
43.0,43
35.0,35
71.0,71
68.0,68
0.0,0
0.0,0
1.0,1
0.0,0
67.0,67
65.0,65
41.0,41
18.0,18
17.0,17
32.0,32
59.0,59
4.0,4
1.0,1
48.0,48
45.0,45
8.0,8
16.0,16
59.0,59
61.0,61
0.0,0
52.0,52
30.0,30
43.0,43
0.0,0
0.0,0
39.0,39
0.0,0
59.0,59
53.0,53
56.0,56
51.0,51
45.0,45
56.0,56
84.0,84
60.0,60
52.0,52
48.0,48
31.0,31
25.0,25
0.0,0
45.0,45
41.0,41
1.0,1
56.0,56
71.0,71
28.0,28
55.0,55
0.0,0
0.0,0
0.0,0
41.0,41
0.0,0
0.0,0
11.0,11
0.0,0
45.0,45
18.0,18
0.0,0
72.0,72
34.0,34
62.0,62
0.0,0
68.0,68
26.0,26
65.0,65
9.0,9
0.0,0
70.0,70
37.0,37
5.0,5
9.0,9
48.0,48
36.0,36
53.0,53
71.0,71
0.0,0
59.0,59
48.0,48
0.0,0
45.0,45
0.0,0
58.0,58
0.0,0
32.0,32
23.0,23
72.0,72
80.0,80
74.0,74
0.0,0
34.0,34
39.0,39
40.0,40
53.0,53
46.0,46
21.0,21
76.0,76
0.0,0
71.0,71
0.0,0
5.0,5
7.0,7
69.0,69
0.0,0
0.0,0
37.0,37
75.0,75
0.0,0
47.0,47
61.0,61
0.0,0
0.0,0
75.0,75
56.0,56
33.0,33
45.0,45
51.0,51
79.0,79
53.0,53
71.0,71
5.0,5
48.0,48
31.0,31
7.0,7
5.0,5
51.0,51
51.0,51
77.0,77
70.0,70
77.0,77
54.0,54
18.0,18
55.0,55
34.0,34
0.0,0
51.0,51
35.5,50
59.0,59
73.0,73
0.0,0
29.0,29
71.0,71
11.0,11
0.0,0
66.0,66
30.0,30
40.0,40
28.0,28
28.0,28
3.0,3
40.0,40
70.0,70
0.0,0
40.0,40
0.0,0
69.0,69
23.0,23
8.0,8
69.0,69
0.0,0
32.0,32
1.0,1
0.0,0
45.0,45
35.0,35
0.0,0
41.0,41
29.0,29
58.0,58
35.0,35
0.0,0
22.0,22
76.0,76
38.0,38
65.0,65
0.0,0
61.0,61
0.0,0
0.0,0
39.0,39
0.0,0
36.0,36
70.0,70
0.0,0
58.0,58
7.0,7
0.0,0
47.0,47
54.0,54
32.0,32
40.0,40
68.0,68
5.0,5
21.0,21
28.0,28
0.0,0
0.0,0
46.0,46
0.0,0
2.0,2
65.0,65
38.0,38
34.0,34
1.0,1
62.0,62
30.0,30
66.0,66
16.0,16
55.0,55
46.0,46
70.0,70
52.0,52
46.0,46
0.0,0
0.0,0
41.0,41
0.0,0
62.0,62
0.0,0
40.0,40
17.0,17
66.0,66
0.0,0
46.0,46
75.0,75
0.0,0
6.0,6
1.0,1
43.0,43
82.0,82
59.0,59
37.0,37
29.0,29
0.0,0
53.0,53
0.0,0
74.0,74
0.0,0
0.0,0
47.0,47
0.0,0
62.0,62
2.0,2
36.0,36
48.0,48
78.0,78
46.0,46
0.0,0
45.0,45
40.0,40
63.0,63
55.0,55
40.0,40
2.0,2
0.0,0
54.0,54
60.0,60
44.0,44
55.0,55
77.0,77
54.0,54
49.0,49
68.0,68
68.0,68
79.0,79
0.0,0
0.0,0
1.0,1
52.0,52
71.0,71
62.0,62
21.0,21
35.0,35
49.0,49
50.0,50
30.0,30
41.0,41
34.0,34
66.0,66
0.0,0
0.0,0
32.0,32
55.0,55
0.0,0
0.0,0
1.0,1
0.0,0
63.0,63
0.0,0
67.0,67
1.0,1
0.0,0
0.0,0
2.0,2
68.0,68
0.0,0
40.0,40
0.0,0
53.0,53
46.0,46
5.0,5
14.0,14
71.0,71
51.0,51
67.0,67
0.0,0
57.0,57
86.0,86
8.0,8
72.0,72
54.0,54
2.0,2
59.0,59
53.0,53
1.0,1
28.0,28
60.0,60
58.0,58
5.0,5
53.0,53
48.0,48
0.0,0
42.0,42
52.0,52
3.0,3
0.0,0
43.0,43
0.0,0
57.0,57
59.0,59
38.0,38
51.0,51
0.0,0
61.0,61
38.0,38
39.0,39
53.0,53
0.0,0
33.0,33
63.0,63
73.0,73
8.0,8
0.0,0
16.0,16
9.0,9
0.0,0
0.0,0
0.0,0
67.0,67
0.0,0
38.0,38
67.0,67
46.0,46
57.0,57
63.0,63
73.0,73
36.0,36
47.0,47
17.0,17
36.0,36
59.0,59
55.0,55
64.0,64
0.0,0
60.0,60
0.0,0
56.0,56
55.0,55
80.0,80
1.0,1
0.0,0
77.0,77
68.0,68
55.0,55
78.0,78
47.0,47
7.0,7
75.0,75
0.0,0
0.0,0
46.0,46
0.0,0
47.0,47
61.0,61
33.0,33
4.0,4
43.0,43
6.0,6
2.0,2
47.0,47
0.0,0
65.0,65
44.0,44
35.0,35
32.0,32
30.0,30
94.0,94
0.0,0
0.0,0
59.0,59
57.0,57
9.0,9
58.0,58
0.0,0
0.0,0
58.0,58
76.0,76
62.0,62
39.0,39
57.0,57
61.0,61
1.0,1
39.0,39
49.0,49
81.0,81
66.0,66
14.0,14
28.0,28
9.0,9
0.0,0
0.0,0
0.0,0
46.0,46
75.0,75
45.0,45
30.0,30
58.0,58
79.0,79
39.0,39
0.0,0
13.0,13
43.0,43
0.0,0
0.0,0
62.0,62
7.0,7
53.0,53
1.0,1
0.0,0
51.0,51
33.0,33
74.0,74
0.0,0
72.0,72
61.0,61
0.0,0
0.0,0
6.0,6
32.0,32
0.0,0
54.0,54
11.0,11
0.0,0
0.0,0
57.0,57
77.0,77
2.0,2
50.0,50
47.0,47
1.0,1
37.0,37
1.0,1
65.0,65
70.0,70
56.0,56
64.0,64
3.0,3
0.0,0
45.0,45
0.0,0
3.0,3
8.0,8
31.0,31
14.0,14
67.0,67
78.0,78
45.0,45
78.0,78
69.0,69
0.0,0
5.0,5
70.0,70
33.0,33
70.0,70
50.0,50
33.0,33
62.0,62
0.0,0
50.0,50
23.0,23
0.0,0
75.0,75
0.0,0
0.0,0
32.0,32
73.0,73
54.0,54
2.0,2
24.0,24
61.0,61
0.0,0
19.0,19
24.0,24
59.0,59
40.0,40
64.0,64
39.0,39
75.0,75
77.0,77
60.0,60
37.0,37
0.0,0
17.0,17
0.0,0
5.0,5
60.0,60
62.0,62
58.0,58
59.0,59
80.0,80
47.0,47
1.0,1
31.0,31
25.0,25
57.0,57
70.0,70
39.0,39
75.0,75
36.0,36
21.0,21
17.0,17
0.0,0
79.0,79
40.0,40
62.0,62
52.0,52
0.0,0
0.0,0
40.0,40
51.0,51
31.0,31
28.0,28
22.0,22
29.0,29
0.0,0
29.0,29
0.0,0
0.0,0
0.0,0
7.0,7
66.0,66
0.0,0
5.0,5
0.0,0
27.0,27
66.0,66
0.0,0
74.0,74
1.0,1
0.0,0
86.0,86
53.0,53
32.0,32
6.0,6
0.0,0
71.0,71
51.0,51
63.0,63
0.0,0
27.0,27
40.0,40
0.0,0
58.0,58
40.0,40
51.0,51
21.0,21
0.0,0
75.0,75
77.0,77
0.0,0
64.0,64
1.0,1
58.0,58
0.0,0
45.0,45
64.0,64
48.0,48
65.0,65
15.0,15
39.0,39
0.0,0
0.0,0
55.0,55
60.0,60
6.0,6
45.0,53
0.0,0
54.0,54
0.0,0
46.0,46
62.0,62
0.0,0
0.0,0
66.0,66
70.0,70
82.0,82
60.0,60
0.0,0
0.0,0
0.0,0
3.0,3
59.0,59
14.0,14
59.0,59
75.0,75
0.0,0
0.0,0
0.0,0
32.0,32
21.0,21
4.0,4
25.5,5
32.0,32
60.0,60
0.0,0
67.0,67
25.5,46
17.0,17
0.0,0
50.0,50
31.0,31
20.0,20
6.0,6
30.0,30
0.0,0
58.0,58
0.0,0
51.0,51
0.0,0
68.0,68
0.0,0
13.0,13
46.0,46
0.0,0
0.0,0
80.0,80
11.0,11
51.0,51
0.0,0
60.0,60
76.0,76
4.0,4
53.0,53
34.0,34
60.0,60
0.0,0
59.0,59
59.0,59
11.0,11
20.0,20
47.0,47
0.0,0
0.0,0
76.0,76
62.0,62
0.0,0
35.0,35
30.0,30
0.0,0
38.0,38
9.0,9
0.0,0
71.0,71
34.0,34
66.0,66
52.0,52
47.0,47
42.0,42
25.0,25
36.0,36
13.0,13
45.0,45
75.0,75
55.0,55
0.0,0
47.0,47
0.0,0
56.0,56
0.0,0
15.0,15
89.0,89
52.0,52
27.0,27
0.0,0
0.0,0
0.0,0
0.0,0
76.0,76
0.0,0
0.0,0
46.0,46
58.0,58
20.0,20
0.0,0
47.0,47
0.0,0
64.0,64
31.0,31
69.0,69
51.0,51
6.0,6
65.0,65
72.0,72
54.0,54
0.0,0
33.0,33
0.0,0
60.0,60
79.0,79
50.0,50
0.0,0
45.0,37
0.0,0
55.0,55
2.0,2
36.0,36
55.0,55
0.0,0
26.0,26
50.0,50
73.0,73
0.0,0
5.0,5
51.0,51
11.0,11
52.0,52
0.0,0
36.0,36
93.0,93
0.0,0
58.0,58
50.0,50
61.0,61
9.0,9
56.0,56
54.0,54
61.0,61
1.0,1
43.0,43
55.0,55
1.0,1
20.0,20
0.0,0
47.0,47
0.0,0
0.0,0
28.0,28
0.0,0
0.0,0
73.0,73
72.0,72
74.0,74
69.0,69
0.0,0
67.0,67
62.0,62
26.0,26
60.0,60
51.0,51
52.0,52
0.0,0
39.0,39
46.0,46
0.0,0
37.0,37
83.0,83
0.0,0
0.0,0
39.0,39
46.0,46
45.0,45
64.0,64
59.0,59
35.5,21
0.0,0
76.0,76
13.0,13
35.0,35
40.0,40
0.0,0
46.0,46
10.0,10
44.0,44
48.0,48
0.0,0
13.0,13
64.0,64
0.0,0
47.0,47
34.0,34
1.0,1
60.0,60
73.0,73
69.5,64
12.0,12
33.0,33
68.0,68
4.0,4
0.0,0
66.0,66
59.0,59
0.0,0
44.0,44
0.0,0
10.0,10
47.0,47
67.0,67
64.0,64
65.0,65
44.0,44
40.0,40
68.0,68
77.0,77
37.0,37
43.0,43
0.0,0
17.0,17
72.0,72
39.0,39
0.0,0
0.0,0
50.0,50
67.0,67
89.0,89
51.0,51
0.0,0
63.0,63
0.0,0
62.0,62
41.0,41
0.0,0
67.0,67
0.0,0
1.0,1
46.0,46
59.0,59
0.0,0
0.0,0
46.0,46
28.0,28
3.0,3
0.0,0
0.0,0
78.0,78
72.0,72
80.0,80
26.0,26
0.0,0
22.0,22
83.0,83
32.0,32
2.0,2
0.0,0
62.0,62
48.0,48
53.0,53
66.0,66
66.0,66
79.0,79
62.0,62
0.0,0
59.0,59
70.0,70
44.0,44
0.0,0
54.0,54
39.0,39
48.0,48
63.0,63
0.0,0
0.0,0
0.0,0
24.0,24
46.0,46
17.0,17
0.0,0
0.0,0
66.0,66
0.0,0
5.0,5
0.0,0
6.0,6
76.0,76
0.0,0
49.0,49
63.0,63
0.0,0
0.0,0
46.0,46
27.0,27
38.0,38
13.0,13
0.0,0
20.0,20
66.0,66
59.0,59
0.0,0
0.0,0
70.0,70
3.0,3
45.0,45
16.0,16
52.0,52
29.0,29
0.0,0
71.0,71
0.0,0
48.0,48
82.0,82
0.0,0
0.0,0
0.0,0
60.0,60
0.0,0
62.0,62
52.0,52
0.0,0
28.0,28
0.0,0
0.0,0
0.0,0
62.0,62
0.0,0
0.0,0
47.0,47
57.0,57
58.0,58
34.0,34
0.0,0
0.0,0
46.0,46
0.0,0
43.0,43
1.0,1
68.0,68
52.0,52
0.0,0
57.0,57
35.0,0
64.0,64
18.0,18
0.0,0
42.0,42
60.0,60
0.0,0
0.0,0
0.0,0
49.0,49
31.0,31
64.0,64
8.0,8
51.0,51
57.0,57
18.0,18
73.0,73
50.0,50
21.0,21
36.0,36
62.0,62
58.0,58
57.0,57
34.0,34
43.0,43
0.0,0
58.0,58
23.0,23
0.0,0
78.0,78
18.0,18
2.0,2
69.0,69
0.0,0
70.0,70
0.0,0
43.0,43
19.0,19
9.0,9
61.0,61
53.0,53
69.0,69
75.0,75
0.0,0
0.0,0
31.0,31
90.0,90
80.0,80
35.0,35
4.0,4
51.0,51
52.0,52
16.0,16
65.0,65
73.0,73
59.0,59
58.0,58
40.0,40
71.0,71
56.0,56
0.0,0
0.0,0
0.0,0
57.0,57
41.0,41
13.0,13
1.0,1
65.0,65
79.0,79
1.0,1
0.0,0
61.0,61
21.0,21
42.0,42
0.0,0
35.0,35
57.0,57
0.0,0
50.0,50
60.0,60
7.0,7
0.0,0
47.0,47
0.0,0
0.0,0
0.0,0
0.0,0
67.0,67
78.0,78
0.0,0
48.0,48
56.0,56
47.0,47
0.0,0
0.0,0
36.0,36
34.0,34
0.0,0
51.0,51
70.0,70
59.5,58
49.0,49
0.0,0
32.0,32
36.0,36
70.0,70
36.0,36
42.0,42
51.0,51
3.0,3
8.0,8
0.0,0
51.0,51
46.0,46
0.0,0
71.0,71
45.0,45
0.0,0
38.0,38
1.0,2
3.0,3
48.0,48
0.0,0
47.0,47
38.0,38
64.0,64
18.0,18
0.0,0
0.0,0
60.0,60
60.0,60
19.0,19
0.0,0
0.0,0
0.0,0
0.0,0
5.0,5
59.0,59
39.0,39
47.0,47
0.0,0
64.0,64
41.0,41
2.0,2
28.0,28
19.0,19
0.0,0
1.0,1
0.0,0
0.0,0
0.0,0
58.0,58
52.0,52
50.0,50
0.0,0
0.0,0
74.0,74
0.0,0
0.0,0
20.0,20
79.0,79
73.0,73
0.0,0
9.0,9
59.0,59
0.0,0
0.0,0
0.0,0
37.0,37
0.0,0
37.0,37
72.0,72
26.0,26
66.0,66
0.0,0
37.0,37
53.0,53
14.0,14
0.0,0
43.0,43
57.0,57
68.0,68
0.0,0
48.0,48
40.0,40
0.0,0
69.0,69
40.0,40
0.0,0
58.0,58
48.0,48
41.0,41
0.0,0
3.0,3
0.0,0
23.0,23
51.0,51
0.0,0
57.0,57
12.0,12
0.0,0
0.0,0
65.0,65
0.0,0
53.0,53
73.0,73
7.0,7
0.0,0
67.0,67
46.0,46
0.0,0
76.0,76
36.0,36
72.0,72
53.0,53
43.0,43
7.0,7
70.0,70
58.0,58
24.0,24
50.0,50
55.0,55
1.0,1
62.0,62
0.0,0
9.0,9
49.0,49
63.0,63
51.0,51
58.0,58
38.0,38
49.0,49
48.0,48
40.0,40
64.0,64
0.0,0
51.0,51
0.0,0
82.0,82
68.0,68
76.0,76
44.0,44
74.0,74
0.0,0
9.0,9
58.0,58
48.0,48
64.0,64
50.0,50
47.0,47
48.0,48
44.0,44
4.0,4
15.0,15
56.0,56
77.0,77
0.0,0
51.0,51
0.0,0
66.0,66
0.0,0
51.0,51
0.0,0
41.0,41
7.0,7
0.0,0
0.0,0
9.0,9
14.0,14
0.0,0
0.0,0
15.0,15
44.0,44
61.0,61
0.0,0
56.0,56
59.0,59
0.0,0
78.0,78
49.0,49
17.0,17
0.0,0
49.0,49
53.0,53
0.0,0
4.0,4
35.0,35
37.0,37
0.0,0
37.0,37
0.0,0
0.0,0
2.0,2
54.0,54
25.0,25
70.0,70
0.0,0
0.0,0
0.0,0
40.0,40
1.0,1
71.0,71
55.0,55
0.0,0
62.0,62
33.0,33
73.0,73
0.0,0
79.0,79
41.0,41
69.0,69
0.0,0
4.0,4
63.0,63
35.0,35
0.0,0
0.0,0
57.0,57
74.0,74
80.0,80
0.0,0
66.0,66
71.0,71
46.0,46
29.0,29
36.0,36
0.0,0
0.0,0
0.0,0
4.0,4
44.0,44
66.0,66
0.0,0
0.0,0
45.0,45
0.0,0
81.0,81
0.0,0
0.0,0
57.0,57
2.0,2
45.0,45
0.0,0
59.0,59
50.0,50
37.0,37
65.0,65
0.0,0
34.0,34
29.0,29
31.0,31
65.0,65
58.0,58
53.0,53
26.0,26
53.0,53
54.0,54
63.0,63
39.0,39
20.0,20
0.0,0
44.0,44
0.0,0
52.0,52
0.0,0
44.0,44
68.0,68
53.0,53
69.0,69
63.0,63
45.0,45
31.0,31
0.0,0
0.0,0
0.0,0
5.0,5
88.0,88
54.0,54
37.0,37
46.0,46
0.0,0
36.0,36
48.0,48
63.0,63
35.0,35
53.0,53
0.0,0
0.0,0
10.0,10
0.0,0
19.0,19
0.0,0
62.0,62
1.0,1
49.0,49
59.0,59
38.0,38
0.0,0
11.0,11
71.0,71
6.0,6
66.0,66
44.0,44
64.0,64
0.0,0
42.0,42
0.0,0
60.0,60
53.0,53
48.0,48
0.0,0
0.0,0
0.0,0
50.0,50
44.0,78
54.0,54
0.0,0
35.0,35
51.0,51
0.0,0
50.0,50
42.0,42
0.0,0
20.0,20
70.0,70
0.0,0
4.0,4
71.0,71
0.0,0
0.0,0
6.0,6
55.0,55
73.0,73
31.0,31
58.0,58
0.0,0
14.0,14
52.0,52
64.0,64
43.0,43
0.0,0
40.0,40
3.0,3
74.0,74
0.0,0
0.0,0
4.0,4
1.0,1
12.0,12
0.0,0
41.0,41
22.0,22
33.5,58
0.0,0
4.0,4
52.0,52
52.0,52
63.0,63
36.0,36
0.0,0
67.0,67
14.0,14
76.0,76
31.0,31
34.0,34
67.0,67
6.0,6
37.0,37
3.0,3
33.0,33
81.0,81
7.0,7
37.0,37
66.0,66
16.0,16
0.0,0
81.0,81
0.0,0
0.0,0
46.0,46
14.0,14
58.0,58
68.0,68
0.0,0
62.0,62
8.0,8
0.0,0
0.0,0
0.0,0
47.0,47
43.0,43
68.0,68
30.0,30
55.0,55
0.0,0
40.0,40
5.0,5
46.0,46
33.0,33
47.0,47
64.0,64
75.0,75
0.0,0
66.0,66
69.0,69
34.0,34
0.0,0
52.0,52
77.0,77
48.0,48
11.0,11
0.0,0
22.0,22
61.0,61
72.0,72
23.0,23
56.0,56
71.0,71
75.0,75
69.0,69
37.0,37
0.0,0
4.0,4
0.0,0
78.0,78
62.0,62
87.0,87
73.0,73
90.0,90
70.0,70
35.0,35
0.0,0
71.0,71
0.0,0
68.0,68
45.0,45
58.0,58
83.0,83
0.0,0
9.0,9
55.0,55
60.0,60
20.0,20
26.0,26
83.0,83
43.0,43
0.0,0
33.0,33
50.0,50
60.0,60
43.0,43
32.0,32
47.0,47
48.0,48
0.0,0
57.0,57
37.0,37
3.0,3
0.0,0
8.0,8
43.0,43
65.0,65
63.0,63
6.0,6
57.0,57
25.0,25
68.0,68
60.0,60
60.0,60
0.0,0
0.0,0
44.0,44
61.0,61
57.0,57
30.0,30
64.0,64
0.0,0
56.0,56
13.0,13
74.0,74
5.0,5
75.0,75
53.0,53
0.0,0
47.0,47
0.0,0
45.0,45
0.0,0
0.0,0
35.0,35
0.0,0
85.0,85
60.0,60
40.0,40
48.0,48
36.0,36
0.0,0
60.0,60
63.0,63
21.0,21
73.0,73
42.0,42
53.0,53
64.0,64
63.0,63
0.0,0
0.0,0
83.0,83
0.0,0
30.0,30
66.0,66
87.0,87
37.0,37
0.0,0
0.0,0
56.0,56
61.0,61
0.0,0
61.0,61
28.0,28
35.0,35
10.0,10
64.0,64
62.0,62
43.0,43
0.0,0
52.0,52
0.0,0
0.0,0
41.0,41
62.0,62
39.0,39
0.0,0
31.0,31
1.0,1
62.0,62
49.0,49
80.0,80
69.0,69
22.0,22
60.0,60
65.0,65
33.0,33
71.0,71
0.0,0
0.0,0
76.0,76
57.0,57
62.0,62
2.0,2
25.0,25
59.0,59
63.0,63
30.0,30
0.0,0
90.0,90
64.0,64
0.0,0
0.0,0
71.0,71
26.0,26
27.0,27
38.0,38
8.0,8
15.0,15
0.0,0
15.0,15
57.0,57
63.0,63
13.0,13
25.0,25
0.0,0
39.0,39
0.0,0
2.0,2
0.0,0
0.0,0
0.0,0
48.0,48
4.0,4
0.0,0
0.0,0
0.0,0
47.0,47
0.0,0
1.0,1
39.0,39
35.0,35
39.0,39
44.0,44
66.0,66
2.0,2
57.0,57
36.0,36
0.0,0
77.0,77
19.0,19
57.0,57
0.0,0
10.0,10
57.0,57
51.0,51
37.0,37
44.0,44
32.0,32
0.0,0
41.0,41
0.0,0
0.0,0
59.0,59
0.0,0
71.0,71
50.0,50
63.0,63
58.0,58
56.0,56
0.0,0
28.0,28
48.0,48
50.0,50
0.0,0
0.0,0
0.0,0
65.0,65
53.0,53
0.0,0
0.0,0
14.0,14
35.0,35
60.0,64
37.0,37
62.0,62
64.0,64
0.0,0
58.0,58
0.0,0
12.0,12
56.0,56
46.0,46
55.0,55
53.0,53
59.0,59
0.0,0
51.0,51
12.0,12
47.0,47
62.0,62
50.0,50
85.0,85
0.0,0
58.0,58
56.0,56
9.0,9
4.0,4
2.0,2
33.0,33
48.0,48
0.0,0
55.0,55
73.0,73
10.0,10
11.0,11
51.0,51
8.0,8
0.0,0
53.0,53
0.0,0
39.0,39
66.0,66
9.0,9
0.0,0
13.0,13
63.0,63
36.0,36
0.0,0
66.0,66
0.0,0
3.0,3
0.0,0
4.0,4
42.0,42
32.0,32
0.0,0
0.0,0
43.0,43
45.0,45
35.0,35
0.0,0
57.0,57
0.0,0
0.0,0
0.0,0
0.0,0
72.0,72
61.0,61
0.0,0
81.0,81
48.0,48
55.0,55
47.0,47
0.0,0
43.0,43
71.0,71
0.0,0
78.0,78
1.0,1
45.0,45
0.0,0
0.0,0
0.0,0
76.0,76
89.0,89
66.0,66
59.0,59
87.0,87
0.0,0
19.0,19
6.0,6
48.0,48
48.0,48
20.0,20
54.0,54
68.0,68
0.0,0
28.0,28
58.0,58
29.0,29
4.0,4
31.0,31
40.0,40
0.0,0
0.0,0
0.0,0
51.0,51
60.0,60
79.0,79
74.0,74
45.0,45
44.0,44
41.0,41
0.0,0
3.0,3
38.0,38
10.0,10
48.0,48
0.0,0
0.0,0
43.0,43
10.0,10
53.0,53
79.0,79
12.0,12
88.0,88
71.0,71
4.0,4
74.0,74
79.0,79
0.0,0
36.0,36
0.0,0
42.0,42
2.0,2
0.0,0
0.0,0
58.0,58
25.0,25
57.0,57
40.0,40
59.0,59
10.0,10
39.0,39
66.0,66
35.0,35
76.0,76
66.0,66
60.0,60
65.0,65
50.0,50
0.0,0
1.0,1
0.0,0
34.0,34
70.0,70
1.0,0
41.0,41
61.0,61
0.0,0
36.0,36
0.0,0
79.0,79
75.0,75
64.0,64
21.0,21
70.0,70
76.0,76
41.0,41
0.0,0
45.0,45
41.0,41
22.0,22
47.0,47
8.0,8
77.0,77
73.0,73
69.0,69
13.0,13
57.0,57
66.0,66
0.0,0
0.0,0
57.0,57
0.0,0
24.0,24
84.0,84
39.0,39
60.0,60
0.0,0
31.0,31
29.0,29
41.0,41
33.0,33
61.0,61
41.0,41
60.0,60
33.0,33
0.0,0
20.0,20
0.0,0
4.0,4
5.0,5
0.0,0
81.0,81
48.0,48
44.0,44
45.0,45
6.0,6
34.0,34
70.0,70
78.0,78
52.0,52
38.0,38
10.0,10
52.0,52
46.0,46
0.0,0
68.0,68
46.0,46
0.0,0
20.0,20
0.0,0
64.0,64
63.0,63
50.0,50
69.0,69
0.0,0
0.0,0
0.0,0
58.0,58
5.0,5
34.0,34
30.0,30
65.0,65
12.0,12
0.0,0
0.0,0
12.0,12
43.0,43
46.0,46
9.0,9
43.0,43
0.0,0
0.0,0
43.0,43
5.0,5
76.0,76
0.0,0
0.0,0
74.0,74
3.0,3
36.0,36
62.0,62
39.0,39
63.0,63
67.0,67
72.0,72
65.0,65
71.0,71
0.0,0
72.0,72
59.0,59
47.0,47
0.0,0
40.0,40
49.0,49
0.0,0
75.0,75
43.0,43
41.0,41
27.0,27
55.0,55
64.0,64
47.0,47
47.0,47
0.0,0
46.0,46
60.0,60
17.0,17
70.0,70
16.0,16
67.0,67
77.0,77
0.0,0
34.0,34
64.0,64
0.0,0
54.0,54
39.0,39
40.0,40
37.0,37
24.0,24
0.0,0
0.0,0
39.0,39
43.0,43
39.0,39
0.0,0
86.0,86
1.0,1
55.0,55
75.0,75
37.0,37
57.0,57
43.0,43
5.0,5
57.0,57
2.0,2
23.0,23
53.0,53
25.0,25
0.0,0
32.0,32
64.0,64
32.0,32
67.0,67
58.0,58
56.0,56
0.0,0
57.0,57
15.0,15
0.0,0
24.0,24
39.0,39
6.0,6
0.0,0
53.0,53
0.0,0
25.0,25
5.0,5
63.0,63
55.0,55
15.0,15
55.0,55
14.0,14
47.0,47
56.0,56
43.0,43
80.0,80
26.0,26
51.0,51
38.0,38
72.0,72
45.0,45
63.0,63
39.0,39
34.0,34
79.0,79
67.0,67
0.0,0
4.0,4
50.0,50
0.0,0
15.0,15
57.0,57
61.0,61
57.0,57
62.0,62
73.0,73
0.0,0
57.0,57
0.0,0
72.0,72
0.0,0
5.0,5
70.0,70
0.0,0
70.0,70
0.0,0
0.0,0
0.0,0
38.0,38
0.0,0
0.0,0
0.0,0
72.0,72
50.0,50
0.0,0
0.0,0
59.0,59
63.0,63
52.0,52
23.0,23
69.0,69
41.0,41
0.0,0
34.0,34
80.0,80
63.0,63
13.0,13
36.0,36
0.0,0
51.0,51
57.0,57
49.0,49
0.0,0
0.0,0
0.0,0
40.0,40
45.0,45
49.0,49
60.0,60
47.0,47
65.0,65
0.0,0
3.0,3
0.0,0
0.0,0
10.0,10
33.0,33
0.0,0
7.0,7
65.0,65
65.0,65
0.0,0
72.0,72
68.0,68
65.0,65
22.0,22
22.0,22
33.0,33
29.0,29
73.0,73
72.0,72
64.0,64
0.0,0
48.0,48
1.0,1
0.0,0
38.0,38
57.0,57
0.0,0
5.0,5
0.0,0
60.0,60
22.0,22
0.0,0
0.0,0
27.0,27
61.0,61
0.0,0
63.0,63
76.0,76
74.0,74
39.0,39
67.0,67
60.0,60
0.0,0
22.0,22
60.0,60
0.0,0
50.0,50
0.0,0
76.0,76
50.0,50
73.0,73
10.0,10
0.0,0
0.0,0
43.0,43
64.0,64
28.0,28
0.0,0
60.0,60
0.0,0
0.0,0
67.0,67
67.0,67
67.0,67
0.0,0
0.0,0
73.0,73
66.0,66
50.0,50
38.0,38
0.0,0
56.0,56
45.0,45
37.0,37
62.0,62
67.0,67
0.0,0
1.0,1
35.0,35
0.0,0
0.0,0
37.0,37
42.0,42
51.0,51
4.0,4
0.0,0
0.0,0
65.0,65
51.0,51
61.0,61
69.0,69
4.0,8
69.0,69
52.0,52
0.0,0
44.0,44
51.0,51
70.0,70
0.0,0
43.0,43
0.0,0
0.0,0
72.0,72
0.0,0
11.0,11
0.0,0
41.0,41
50.0,50
1.0,1
71.0,71
19.0,19
5.0,5
0.0,0
89.0,89
72.0,72
52.0,52
27.0,27
26.0,26
38.0,38
84.0,84
18.0,18
0.0,0
67.0,67
0.0,0
0.0,0
53.0,53
57.0,57
64.0,64
20.0,20
24.0,24
13.0,13
33.0,33
71.0,71
21.0,21
43.0,43
0.0,0
52.0,52
1.0,1
76.0,76
0.0,0
0.0,0
0.0,0
71.0,71
0.0,0
42.0,42
57.0,57
3.0,3
52.0,52
2.0,2
3.0,3
32.0,32
0.0,0
47.0,47
0.0,0
43.0,43
0.0,0
61.0,61
57.0,57
1.0,1
73.0,73
72.0,72
45.0,45
0.0,0
13.0,13
0.0,0
46.0,46
54.0,54
21.0,21
69.0,69
72.0,72
0.0,0
0.0,0
66.0,66
56.0,56
58.0,58
0.0,0
69.0,69
0.0,0
33.0,33
24.0,24
43.0,43
70.0,70
40.0,40
54.0,54
44.0,44
0.0,0
0.0,0
49.0,49
48.0,48
46.0,46
45.0,45
58.0,58
0.0,0
9.0,9
32.0,32
40.0,40
0.0,0
71.0,71
40.0,40
0.0,0
67.0,67
0.0,0
46.0,46
2.0,2
88.0,88
45.0,45
0.0,0
78.0,78
9.0,9
61.0,61
12.0,12
0.0,0
62.0,62
30.0,30
0.0,0
0.0,0
18.0,18
43.0,43
0.0,0
60.0,60
0.0,0
35.0,35
12.0,12
3.0,3
71.0,71
3.0,3
59.0,59
5.0,5
53.0,53
0.0,0
50.0,50
0.0,0
67.0,67
2.0,2
37.0,37
34.0,34
49.0,49
0.0,0
46.0,46
0.0,0
37.0,37
61.0,61
0.0,0
20.0,20
0.0,0
73.0,73
25.0,25
67.0,67
47.0,47
45.0,45
0.0,0
0.0,0
43.0,43
49.0,49
46.0,46
77.0,77
53.0,53
37.0,37
76.0,76
0.0,0
57.0,57
55.0,55
33.0,4
66.0,66
42.0,42
42.0,42
0.0,0
67.0,67
0.0,0
0.0,0
0.0,0
39.0,39
70.0,70
0.0,0
43.0,43
0.0,0
0.0,0
71.0,71
57.0,57
0.0,0
36.0,36
36.0,36
43.0,43
1.0,1
0.0,0
24.0,24
46.0,46
58.0,58
19.0,19
0.0,0
41.0,41
61.0,61
2.0,2
0.0,0
3.0,3
81.0,81
0.0,0
0.0,0
60.0,60
1.0,1
43.0,43
18.0,18
56.0,56
0.0,0
61.0,61
57.0,57
86.0,86
88.0,88
0.0,0
0.0,0
1.0,1
0.0,0
33.0,33
61.0,61
26.0,26
0.0,0
2.0,2
